"101","800"
"16706","118959"
"4111","122921"
"16706","123223"
"16706","123431"
"125","235860"
"3324","262204"
"3735","310757"
"537","320696"
"537","320701"
"537","320706"
"4241","347556"
"160","478001"
"69","487137"
"154767","494675"
"268","504872"
"93479","534196"
"93479","534588"
"93479","534850"
"93479","534863"
"93479","534869"
"93479","534887"
"93479","534941"
"93479","534947"
"93479","534959"
"93479","534977"
"93479","535025"
"93479","535043"
"93479","535086"
"93479","535275"
"10000376","611678"
"10000376","611798"
"17060692","612311"
"10183207","612376"
"17455603","614298"
"17464962","614673"
"16913718","614694"
"10000376","614721"
"15766270","614866"
"17104745","614991"
"17104745","614992"
"17122513","614995"
"17139549","614997"
"17222208","615012"
"17346641","615018"
"17419482","615026"
"17442484","615045"
"17364290","615105"
"17144425","616772"
"17119965","616959"
"17107846","616965"
"16717527","617096"
"16598646","617109"
"16281486","617278"
"17419047","617331"
"16785839","617472"
"16643747","617846"
"16661690","617856"
"17358552","618627"
"15891066","618756"
"15903099","618757"
"17340162","619339"
"16042215","620379"
"16618860","620403"
"17245822","620421"
"17391090","620422"
"15963601","620776"
"16603262","621255"
"16021908","621536"
"16968791","621750"
"10491200","622180"
"11083629","622183"
"15688444","622255"
"17340162","623003"
"15562091","623327"
"16893406","623731"
"16699157","624073"
"10271018","624364"
"16907624","625388"
"16658583","625723"
"15495437","625810"
"15613612","625840"
"17367433","626000"
"17463377","626111"
"16646653","626159"
"11097719","626172"
"10454370","626183"
"15871027","626235"
"16167929","626250"
"17434681","626260"
"17076958","626520"
"17076958","626521"
"16854917","626602"
"16026038","626761"
"17213741","627006"
"17248499","627015"
"17402401","627120"
"17409833","627258"
"17352868","627277"
"17203075","627278"
"16190639","627495"
"16552708","627503"
"17360653","627554"
"11255955","627606"
"15605672","627653"
"11255955","627670"
"16816333","627731"
"17125757","627738"
"16700244","627742"
"17346483","627749"
"16769314","627752"
"17417585","627759"
"15754414","627761"
"16769314","627769"
"17455181","627775"
"17352868","627782"
"15821832","627866"
"17333142","627869"
"17339120","627900"
"16777006","627973"
"16777006","628038"
"10930745","628051"
"11148364","628052"
"15071625","628066"
"15756354","628067"
"16088881","628081"
"16269832","628104"
"17467489","628298"
"17418477","628406"
"17419032","628409"
"17441681","628412"
"15659123","628475"
"15987101","628600"
"16427585","628631"
"16427585","628632"
"17062629","628670"
"17334074","628686"
"17352052","628748"
"17360556","628749"
"16612707","628843"
"16944387","628913"
"17016375","628933"
"17182097","628975"
"17356560","629117"
"17360584","629144"
"17365552","629162"
"16233820","629329"
"16967831","629360"
"16720500","629363"
"17340535","629403"
"17340372","629466"
"17340535","629480"
"17358117","629488"
"17010377","629558"
"17391905","629649"
"17358379","629669"
"17400960","629681"
"16579906","630180"
"15650193","630258"
"17357119","630548"
"17455050","630583"
"10000376","630612"
"10000376","630630"
"10000376","634098"
"15917626","634176"
"16634144","634295"
"16658720","634308"
"16795800","634399"
"16908907","634474"
"16949942","634526"
"16949942","634532"
"16949942","634540"
"16996514","634644"
"17447818","634860"
"15000595","634882"
"16946230","637237"
"16597492","637374"
"16841253","637959"
"16947152","638724"
"16950996","638734"
"17377386","638748"
"16947169","638760"
"16947242","638761"
"10000376","638765"
"15000595","653391"
"16974557","653462"
"15000595","653512"
"15000595","653524"
"15000595","653526"
"10000376","653538"
"10000376","653577"
"15000595","653608"
"10000376","653636"
"16871437","653643"
"10000376","653681"
"10000376","653684"
"10000376","653688"
"10000376","653691"
"10000376","653694"
"10000376","653696"
"10000376","653698"
"15604180","653707"
"17044392","653708"
"10000376","653715"
"10000376","653719"
"10000376","653722"
"10000376","653723"
"15000595","653732"
"15000595","653735"
"15000595","653738"
"15000595","653752"
"15000595","653753"
"15000595","653756"
"15000595","653760"
"15000595","653769"
"10000376","653776"
"10000376","653788"
"10000376","653791"
"10000376","653793"
"10000376","653800"
"10000376","653801"
"10000376","653802"
"15000595","653814"
"15000595","653815"
"15000595","653816"
"15000595","653818"
"15000595","653819"
"15000595","653821"
"15000595","653823"
"15000595","653830"
"15000595","653831"
"15000595","653837"
"15000595","653839"
"16969325","653842"
"17474444","660286"
"16575400","660309"
"15986728","682905"
"15980024","687973"
"15593735","693383"
"15808658","697269"
"15810703","697317"
"17135375","711308"
"17121992","711319"
"16778853","711366"
"17477656","711377"
"17478623","712498"
"17478648","712561"
"17479879","713450"
"10000376","713735"
"17478673","713740"
"17477656","713744"
"15610051","713760"
"17066034","714246"
"17444592","714327"
"17463150","715360"
"17481842","715542"
"16634726","715906"
"17482390","716064"
"17482390","716071"
"17341411","716308"
"17098922","716668"
"17360556","716948"
"15009856","716990"
"16131036","717917"
"166068","718153"
"17452225","718156"
"16427585","718400"
"16912878","719558"
"16912878","719566"
"16912878","719572"
"15754414","719594"
"16316923","719699"
"17417591","720921"
"15881734","721407"
"101","721508"
"151188","721856"
"16014773","722354"
"17490689","722602"
"17477659","722748"
"16829546","723053"
"17447583","723063"
"16014773","723084"
"17148187","723290"
"17162833","723582"
"17491048","724375"
"16669272","725111"
"17452225","725185"
"15798933","725202"
"15714997","725278"
"136505","725287"
"17485178","725561"
"17491463","727160"
"369","728174"
"369","728175"
"339","728444"
"10107200","728447"
"17119832","728531"
"17503820","728696"
"435","729407"
"16910240","729750"
"17508087","730401"
"17497572","731075"
"17490345","731238"
"17490345","731247"
"15517542","731255"
"17490345","731264"
"17490345","731268"
"17490345","731276"
"17490345","731277"
"17490345","731298"
"17490345","731299"
"17490345","731311"
"17490345","731319"
"17490345","731324"
"17490345","731331"
"17490345","731342"
"17490345","731345"
"17133684","731429"
"16881549","731979"
"16131036","731998"
"17519367","734717"
"17486795","735610"
"17044392","735621"
"17523313","736286"
"17100705","736362"
"17510087","736467"
"17045084","736542"
"17045084","736545"
"16163573","736747"
"17524950","736772"
"73","736790"
"16876958","737305"
"17522899","737376"
"17092308","737739"
"17507573","737818"
"17449448","738162"
"17501227","738772"
"17354208","739298"
"17499387","739453"
"17478442","739649"
"5","740511"
"17518807","740567"
"16765433","740802"
"17537029","740967"
"17336572","741213"
"16918207","741818"
"16918207","741820"
"16918207","741822"
"17539248","742170"
"16155929","742342"
"17417591","742392"
"15957270","742553"
"15957270","742561"
"15957270","742572"
"15957270","742578"
"15957270","742586"
"15957270","742691"
"17047047","742808"
"11397266","742893"
"15049686","743023"
"17356560","743045"
"169116","743083"
"16918207","743466"
"17419065","743474"
"17455723","743948"
"17548479","744115"
"16912739","744160"
"22","744175"
"15490819","744486"
"17548479","744558"
"17417591","744660"
"17380","744845"
"17380","744846"
"17412958","744965"
"16230376","745040"
"16014773","745314"
"17554160","745434"
"17550336","745573"
"1354","745740"
"15504698","745962"
"16116364","746216"
"16279058","746258"
"263","746613"
"1","746637"
"10724674","746686"
"17432849","747802"
"17566405","747803"
"16630557","747888"
"17538584","747912"
"17538584","747914"
"10000376","747972"
"17085031","747989"
"17574559","748127"
"34000","748207"
"16960473","748361"
"17174679","748397"
"17174679","748398"
"15656679","748551"
"17555308","748576"
"1","749030"
"16784663","749232"
"166","749309"
"17558667","749313"
"16769886","749435"
"17277341","749635"
"17580572","749768"
"16918207","750011"
"16918207","750014"
"16295339","750032"
"17578356","750115"
"17234590","750194"
"17578513","750231"
"17552004","750243"
"17580670","750423"
"16273404","750496"
"17582301","750588"
"17486864","750925"
"202","750939"
"17547345","751027"
"10000376","751028"
"10000376","751030"
"10000376","751031"
"10000376","751033"
"1","751411"
"17540930","751531"
"17538584","751707"
"17538584","751708"
"17547345","751873"
"17530120","751897"
"17370854","752312"
"16982032","752323"
"17370854","752345"
"17583438","752380"
"17554384","752429"
"17586398","752558"
"10037012","752671"
"10841050","752788"
"17254151","753124"
"16918207","753180"
"16427585","753638"
"17585218","754224"
"15013806","754444"
"295","754631"
"17495223","755853"
"254","756958"
"17601515","757144"
"17600952","757215"
"16044637","757240"
"17598258","757431"
"17604737","757853"
"16663988","758017"
"17607731","758671"
"17609187","759189"
"17587632","759502"
"16300483","759745"
"17549361","760045"
"17617390","760302"
"6","760425"
"15562168","760571"
"17227389","760869"
"17353663","761337"
"15579555","761379"
"17637783","761700"
"16073670","761765"
"16058851","761953"
"16975491","762014"
"17538584","762132"
"17644861","762638"
"17644845","762945"
"17612143","763131"
"4","763207"
"17645482","763268"
"17651837","763507"
"89069","763585"
"17557177","763644"
"17653895","763672"
"17277341","764097"
"17277341","764167"
"138","764207"
"138","764208"
"17588807","764337"
"17588807","764354"
"39","764360"
"17350412","764658"
"17254151","765366"
"16874345","765653"
"23","765688"
"17632329","766137"
"17657663","766215"
"17637224","766228"
"17600834","766436"
"17656337","766438"
"17589607","766593"
"17601016","766758"
"44","767330"
"44","767408"
"17673984","767444"
"17467736","767494"
"17605546","767573"
"16011567","767944"
"17549389","768018"
"17452017","768048"
"17678677","768225"
"17645173","768234"
"17684924","769398"
"16871860","769413"
"17680514","769462"
"17664866","769478"
"17686393","769715"
"17605546","769733"
"17688149","769871"
"17053391","769958"
"17688904","769976"
"17689608","770088"
"10000376","770202"
"17584889","770212"
"16385666","770355"
"17685116","770618"
"10000376","770707"
"15989104","770749"
"17442484","770883"
"17354208","771127"
"6","771136"
"2060","771531"
"16308531","771955"
"16308531","771966"
"16153411","772199"
"16153411","772214"
"17597454","772520"
"17704943","772595"
"15756474","772673"
"17586694","772782"
"17707276","772831"
"16913963","772863"
"30827","772909"
"17675991","773128"
"17710043","773160"
"17352090","773408"
"369","774034"
"16146251","774156"
"17702664","774646"
"17494707","774694"
"16331296","774705"
"15937324","774927"
"16936617","775111"
"17651917","775485"
"10896742","775491"
"16823759","775783"
"44","776175"
"10","776176"
"17734726","776254"
"56042","776710"
"17731230","777187"
"17538584","777239"
"17538584","777240"
"17698579","777256"
"17749700","777358"
"17749700","777360"
"16171099","777513"
"17679162","777821"
"16600123","777868"
"17702664","778024"
"17767139","778104"
"17374977","778264"
"17772409","778354"
"15767053","778376"
"17682267","778385"
"17682267","778393"
"56042","778443"
"16088881","779130"
"16088881","779135"
"16088881","779136"
"16088881","779139"
"16088881","779140"
"16088881","779142"
"16989436","779231"
"2060","779491"
"16623368","779736"
"120","779764"
"17777975","779833"
"2060","779872"
"2060","779909"
"56042","780129"
"56042","780504"
"16155929","781132"
"56042","781208"
"238","781540"
"17408380","781655"
"17588807","782076"
"17637796","782942"
"17800994","783086"
"17806955","783491"
"17581927","783773"
"17779328","784171"
"17800378","784188"
"17772434","784306"
"17772434","784308"
"2060","784619"
"17647404","785010"
"17854774","785166"
"17862905","785279"
"56042","785311"
"17531015","785639"
"17774047","785696"
"17891958","786027"
"16662201","786228"
"17371920","786237"
"4065","786304"
"16974269","786425"
"4065","786517"
"17912682","786697"
"17652798","786832"
"17793651","786916"
"4065","786972"
"17278915","786998"
"16931626","787326"
"26775","787369"
"18050476","787723"
"17701099","787935"
"16905787","787987"
"17735647","788035"
"16014773","788159"
"16410538","788435"
"18055255","788758"
"17671629","788883"
"17365314","789068"
"17726603","789335"
"18055875","789498"
"17497007","789535"
"18057411","789607"
"18057709","789721"
"16614341","789853"
"17390194","790056"
"18059022","790142"
"18059924","790309"
"18055079","790355"
"10000376","790582"
"17106104","790615"
"17174679","790879"
"17174679","790883"
"17254151","791385"
"17890828","791423"
"18053753","792131"
"18066744","792190"
"16985695","792218"
"15613577","792256"
"16608296","792501"
"18069491","792608"
"17733306","792696"
"17948768","792888"
"17125177","792940"
"17246156","793152"
"18071955","793155"
"18072320","793303"
"1","793319"
"18072548","793438"
"5","793534"
"5","793819"
"17664136","793866"
"16643747","793880"
"5","793886"
"5","793895"
"16725185","794537"
"18077267","794658"
"18077940","794834"
"18078357","794842"
"16392841","794945"
"17863915","794987"
"18074423","795096"
"18074423","795098"
"17595767","795132"
"18081696","795487"
"18082649","795614"
"18082649","795620"
"1","795919"
"18069516","796098"
"17626019","796614"
"17778765","796758"
"17778085","796913"
"18088956","796925"
"18089438","797011"
"18089499","797025"
"18089553","797033"
"17479313","797569"
"17723272","797741"
"17545181","798153"
"18095203","798580"
"17424041","798667"
"18095744","798747"
"16918207","798767"
"16918207","798768"
"18071140","798837"
"16308531","798861"
"18079751","798913"
"91358","799158"
"18077851","799426"
"15941531","799449"
"10000376","799472"
"17105037","799597"
"17676921","800026"
"11","800193"
"17664136","800471"
"18072812","800876"
"6","800901"
"6","800919"
"18090550","801032"
"6","801878"
"4","801954"
"18099561","802024"
"18103039","802180"
"17445853","802306"
"18099561","802818"
"18096741","803111"
"18065003","803189"
"18108170","803534"
"17350412","803535"
"18096481","803643"
"18091709","803965"
"18074942","804002"
"18110627","804315"
"18105756","804749"
"16364616","804829"
"16146841","805001"
"2060","805014"
"17722017","805660"
"16841847","805717"
"16918207","805902"
"16918207","805910"
"18105631","806169"
"212679","806172"
"18119056","806750"
"18119056","806755"
"18099457","806972"
"18119958","807017"
"3724","807065"
"17545146","807086"
"18120626","807231"
"18036033","807240"
"18122288","807527"
"16208947","807574"
"16061443","807655"
"2060","807900"
"138","807981"
"17722017","808050"
"18072553","808876"
"16353200","809722"
"17595574","809997"
"18129865","810095"
"1","810135"
"17775113","810341"
"16828737","810412"
"17731249","810475"
"17483169","811208"
"26","811479"
"16305446","812045"
"15549039","812165"
"39","812222"
"15681081","812233"
"17128307","812911"
"18080876","812940"
"18140857","813225"
"18134877","813357"
"18144841","813490"
"18118891","813713"
"18146238","813722"
"18067499","813750"
"2060","813773"
"18144547","813827"
"18125911","813911"
"17650711","814370"
"18127214","815009"
"2060","815046"
"18152620","815059"
"18121667","815097"
"17923655","815488"
"17649051","815912"
"18136920","815948"
"18158889","816029"
"17380051","816106"
"18159005","816107"
"17380051","816108"
"18159796","816227"
"18053700","817119"
"91358","817300"
"18155784","817390"
"17434181","817968"
"18160616","818348"
"18166525","818443"
"18166525","818446"
"18166525","818457"
"17794571","818491"
"18163729","818930"
"18163729","818947"
"17649385","819146"
"18082985","819182"
"18160554","819201"
"18160554","819203"
"18155988","819222"
"539","819244"
"18149516","819523"
"17395522","819545"
"254","819565"
"18169614","819702"
"16666371","819831"
"17172242","820200"
"17710509","820300"
"18159840","820418"
"18171997","820498"
"18126287","820687"
"18172511","820707"
"16427585","820999"
"18174360","821196"
"18173697","821305"
"18175570","821617"
"18152611","821835"
"18162736","822206"
"17354028","822314"
"17589687","822315"
"18165880","822388"
"18177359","822443"
"18177413","822482"
"18177413","822486"
"18177765","822629"
"17599098","822643"
"18177823","822656"
"18178182","822766"
"2060","823056"
"17605071","823284"
"17135373","823297"
"827","823493"
"18181987","823501"
"18181987","823528"
"16669212","823993"
"18184651","824070"
"17555170","824107"
"2060","824122"
"18185241","824261"
"18178471","824264"
"16885424","824294"
"18126287","824580"
"18144760","824722"
"16724712","824774"
"11358565","824787"
"18129524","824857"
"18187073","825182"
"18188568","825259"
"18169211","825272"
"18186342","825638"
"9","825749"
"17792959","825789"
"18190211","825824"
"827","826005"
"18190866","826036"
"18190869","826095"
"18191294","826147"
"18191294","826154"
"18191294","826157"
"18189866","826225"
"16885424","826907"
"18194207","826972"
"16694361","826985"
"5","827070"
"1","827583"
"18164362","827673"
"44","827720"
"17135373","827976"
"18162267","828033"
"17426064","828149"
"18074942","828226"
"17725189","828253"
"18070278","828314"
"10000376","828451"
"18174926","828873"
"18202506","829144"
"16355023","829395"
"16947138","829494"
"18203900","829505"
"18204107","829558"
"16971703","829805"
"827","829982"
"10000376","830183"
"18111693","830221"
"18208844","830757"
"17356560","830862"
"18209211","831023"
"18126287","831081"
"18208538","831102"
"16730032","831259"
"18214873","831683"
"46","831764"
"18206893","832049"
"827","833095"
"11311805","833186"
"16000282","833297"
"10047288","833447"
"2","833568"
"15870436","833581"
"17660701","833751"
"17503038","833849"
"18074942","833877"
"18213471","834139"
"15754414","834230"
"17436306","834719"
"18225405","834802"
"18222080","835011"
"18170647","835217"
"16391538","835280"
"18228709","835317"
"18229061","835401"
"221","835555"
"18231785","835662"
"18218879","835724"
"18216969","836358"
"172","836482"
"18238792","836935"
"18238792","836941"
"11398231","837857"
"17275154","838109"
"138","838798"
"219","838799"
"17723272","839153"
"18247826","839300"
"18252945","839793"
"18170647","840519"
"8828","840779"
"16993351","840986"
"18196017","841264"
"212679","841962"
"18065551","842198"
"18256172","842475"
"5","842686"
"17736956","843511"
"17490345","843598"
"18266660","844214"
"18240030","844457"
"18263717","844500"
"15697650","844694"
"17584136","844751"
"17602584","844769"
"18253757","845079"
"18224911","845133"
"5","845316"
"18218716","845351"
"16453341","845771"
"18230294","846422"
"217341","847149"
"18273598","847276"
"1354","847601"
"22","847642"
"166","847773"
"18086455","847886"
"18275904","847979"
"18278630","848145"
"18253879","848266"
"17602584","848335"
"16618258","848467"
"16618258","848481"
"18282142","848536"
"18136158","848617"
"18158144","848712"
"18072735","848717"
"17723272","848806"
"5","848984"
"16912711","849371"
"16971841","849406"
"18269938","849476"
"18289204","849587"
"17364698","849678"
"17555445","849814"
"18125406","849998"
"18295561","850418"
"16376843","850567"
"18268852","850781"
"10714207","850790"
"17086809","851371"
"18266304","851544"
"17423322","851805"
"18219671","851945"
"16918207","852043"
"17076234","852099"
"17736954","852122"
"18313386","852334"
"18195444","852339"
"17485572","852382"
"10000376","852894"
"17467563","853466"
"18315934","853493"
"17455200","853538"
"5","854172"
"5","854198"
"18310618","854931"
"827","855537"
"10000376","855611"
"5","855749"
"18323331","856012"
"16344009","858012"
"18254611","858352"
"18187072","859235"
"18329312","859359"
"17347135","860562"
"10000376","860638"
"18263828","860694"
"17775243","860991"
"827","861350"
"827","861372"
"17520875","861582"
"1","862151"
"1","862242"
"4252","862551"
"18334394","862836"
"16315080","863041"
"1","864141"
"1","864209"
"18332272","864265"
"262","864633"
"18326069","864796"
"11350481","864801"
"151239","865007"
"18204567","865057"
"15995022","865060"
"17351553","865164"
"4","865479"
"18339038","865483"
"18337657","865553"
"18337657","865556"
"18336047","865680"
"213678","865835"
"18344391","867058"
"18124292","867106"
"22","867153"
"827","867841"
"18340985","868341"
"10","868366"
"17369537","868579"
"18081242","868692"
"18344657","869379"
"827","869672"
"827","869961"
"18345701","870190"
"18350601","870332"
"17586269","871180"
"17602584","871792"
"18333134","871835"
"18333134","871851"
"18353425","871978"
"5","872128"
"827","872151"
"5","872182"
"115","872183"
"18353783","872196"
"10000376","872335"
"17444592","872881"
"18355534","872914"
"136505","873014"
"136505","873015"
"18348478","873027"
"18348478","873030"
"18348478","873031"
"18348478","873032"
"17434181","873039"
"18358052","873172"
"18358530","873253"
"17444592","873307"
"18360589","873512"
"16910240","873538"
"16910240","873540"
"10706228","873586"
"18361359","873623"
"18348478","873941"
"18348478","873942"
"18362702","874091"
"18288659","874181"
"18210638","874197"
"18331507","874368"
"18150286","874369"
"17545146","874527"
"17584878","874675"
"18369095","874679"
"18368434","874721"
"18361606","874970"
"18348478","875199"
"18348478","875200"
"18348478","875201"
"18348478","875202"
"18348478","875205"
"18361960","875544"
"18359048","876035"
"18275153","876400"
"18288431","877265"
"18288431","877287"
"17102232","877888"
"5939","878270"
"16193767","878643"
"18086621","878794"
"17843612","879265"
"18350745","879358"
"18339329","879585"
"18339329","879588"
"18373576","879624"
"18373038","879726"
"18304472","879810"
"17495130","880134"
"60","880305"
"5939","880845"
"5939","880871"
"5939","880943"
"18382065","881182"
"18225286","881479"
"827","881756"
"17451146","882045"
"6","882444"
"17421220","882446"
"827","882581"
"5","882719"
"18339329","882774"
"18361154","883061"
"18371225","883634"
"18389592","883761"
"18385439","884119"
"18380748","884136"
"18366914","884536"
"5939","884565"
"827","884616"
"18262642","884698"
"18107655","885209"
"263","885991"
"5","886659"
"5939","886726"
"18328836","887026"
"3236","887059"
"18397541","887081"
"17474653","887206"
"10000376","887805"
"219245","887962"
"827","888131"
"18400074","888433"
"5939","888975"
"5939","889450"
"15760117","889668"
"5939","890902"
"17588651","890970"
"18074942","891049"
"5939","891174"
"5939","891283"
"5939","891288"
"5939","891368"
"17074669","891548"
"5939","891598"
"5939","891690"
"5","891722"
"5939","891778"
"5939","891785"
"5","891833"
"18172169","892264"
"18198472","892543"
"15591058","892564"
"5939","892738"
"18411261","892882"
"18411956","893055"
"18267332","893105"
"5939","893531"
"18394215","893774"
"18414774","894026"
"219245","894214"
"16100705","894216"
"18074942","894467"
"16203726","894584"
"16000089","895351"
"18334662","895559"
"18339329","896068"
"17522322","896355"
"16896305","896829"
"18325651","897357"
"18424226","897395"
"18414797","897743"
"18428216","897794"
"18298806","897928"
"5939","898220"
"18399547","898386"
"5939","898508"
"18381844","898555"
"18411890","898863"
"115","898928"
"22","899021"
"18390316","899090"
"10417778","899152"
"18417785","899413"
"18339701","899671"
"5939","899682"
"827","900442"
"18396802","900706"
"15701626","901226"
"18366530","901832"
"18218018","901851"
"16700219","902966"
"17100308","903431"
"18107441","903487"
"5939","903488"
"5939","903532"
"5939","903546"
"5939","903791"
"5939","903803"
"18451459","904231"
"18119467","904379"
"18144514","904590"
"18274888","904631"
"4","905124"
"18169424","905315"
"2060","905492"
"212290","905493"
"217341","905494"
"5","905680"
"18453722","905740"
"17435429","905776"
"17380","906098"
"18262809","907159"
"18325651","907250"
"17193421","907731"
"18402203","909029"
"18390949","910249"
"18390949","910532"
"2060","910661"
"2060","910685"
"18363278","910794"
"18451869","911107"
"18468374","911116"
"827","911433"
"8828","913026"
"18473372","913431"
"18472896","913560"
"18288544","913635"
"18390457","913738"
"18467328","913905"
"18447812","914461"
"18206555","914520"
"1","914664"
"1","914946"
"1","915587"
"18300212","915656"
"827","916154"
"17354028","916191"
"18403228","916804"
"18480897","916972"
"5939","917276"
"5939","917309"
"18432147","917471"
"5939","917559"
"17698542","918036"
"18350745","918155"
"217341","919404"
"16104188","919704"
"827","919719"
"17827483","919818"
"18170595","919975"
"17561768","920389"
"17633246","920500"
"217341","920638"
"18390949","920774"
"217341","920812"
"11280173","921003"
"16627380","921045"
"217341","921110"
"18059012","921280"
"18120106","921605"
"18108636","922088"
"115908","922444"
"18484896","922487"
"5939","922865"
"22","922873"
"18495946","923183"
"18432147","923958"
"217341","924044"
"17354028","924224"
"5939","924378"
"5939","924384"
"217341","924765"
"18501156","924784"
"18361292","924955"
"18469911","925102"
"5939","925363"
"18501899","925482"
"17706599","925552"
"18503753","925570"
"217341","925879"
"1","925925"
"217341","925938"
"18503636","926016"
"16226622","926055"
"18468804","926297"
"11268228","926577"
"2060","927078"
"18432147","927416"
"115908","927552"
"45878","927554"
"827","927631"
"17546948","927649"
"18515281","927719"
"212331","928105"
"213678","928106"
"31137","928108"
"45878","928110"
"219148","928111"
"18516348","928164"
"18216518","928446"
"219245","928953"
"18520788","930250"
"18513865","930452"
"18554906","930461"
"18563508","930948"
"18432147","931103"
"5","931435"
"18490128","931689"
"217341","932098"
"18546538","932436"
"217341","932544"
"18583200","932887"
"18527496","933110"
"18170595","934327"
"18492074","934740"
"18583888","934899"
"1","934992"
"18314122","935460"
"18515202","935490"
"18518147","935689"
"18514309","935694"
"217341","935707"
"217341","936353"
"18588785","936415"
"18085929","936489"
"2060","936868"
"18589815","936901"
"18454545","936935"
"18603287","937460"
"18493811","937500"
"18106527","937781"
"217341","938067"
"212331","938068"
"115908","938072"
"218861","938078"
"217341","939321"
"17460340","940070"
"217341","940082"
"18216360","940096"
"18270846","940378"
"218861","941349"
"138","941536"
"10000376","941907"
"4","941983"
"18291558","942341"
"18619341","942629"
"18620693","942809"
"1","942840"
"18322780","943501"
"18597708","943682"
"18596331","944025"
"18627307","944496"
"10518073","944603"
"218555","944822"
"18532422","945105"
"18636944","945684"
"1","946147"
"12","946496"
"18519627","947077"
"218555","947883"
"18651013","948096"
"18651286","948136"
"18627220","948165"
"827","948461"
"827","949494"
"18656718","949592"
"18660626","950505"
"18492074","951489"
"18641341","951510"
"18665722","951557"
"18667460","951729"
"18668163","951795"
"827","952007"
"17354028","952391"
"18673482","952757"
"18438572","952767"
"18668880","952956"
"2060","952967"
"46","953189"
"18502577","954322"
"18632302","955040"
"18491535","955138"
"17419025","955238"
"18493811","955441"
"122","955732"
"217341","955820"
"18492074","956134"
"18694983","956212"
"219245","957013"
"2060","957146"
"115908","957213"
"18098267","957490"
"18098267","957495"
"212290","957546"
"18488207","957697"
"18724117","957987"
"18319968","958224"
"18319968","958226"
"18319968","958227"
"18357056","958234"
"18731174","958245"
"18597337","958423"
"5","958493"
"32069","958610"
"18701893","958640"
"18734898","958916"
"18549076","959304"
"16789870","959962"
"18390877","960661"
"217341","961511"
"18625101","962192"
"18767992","962657"
"18768786","962729"
"18699821","962835"
"15475846","963116"
"5","963924"
"218960","964058"
"91358","964604"
"10000376","964830"
"18390949","964851"
"10000376","965099"
"18076910","965301"
"16644488","965542"
"1039","965639"
"18492074","966008"
"18690681","967071"
"18467764","967431"
"18776839","967483"
"18348478","967545"
"18348478","967546"
"5939","967796"
"23","967856"
"5939","967863"
"18390877","967907"
"15677802","967935"
"18606308","968005"
"18606308","968006"
"18074942","968586"
"17453293","968878"
"5939","968917"
"5939","968927"
"16730136","969299"
"208979","969453"
"18493781","969457"
"208979","969558"
"5939","969870"
"5","970325"
"827","970332"
"18789029","971221"
"17352940","971333"
"18361343","971449"
"827","971641"
"5","971765"
"187579","971777"
"5939","971788"
"5939","972105"
"5939","972260"
"827","972275"
"18797198","972481"
"18790125","972528"
"5939","972817"
"5939","972869"
"18590495","972903"
"5939","972932"
"5","973005"
"5939","973036"
"5939","973054"
"5939","973138"
"5939","973195"
"5939","973307"
"5939","973442"
"1","973554"
"18806689","973626"
"18348478","974021"
"18270846","974502"
"827","974516"
"18390877","974793"
"18521974","974912"
"2060","974939"
"18818020","975078"
"17824740","975187"
"5","975324"
"5","975393"
"52","975450"
"18193413","975497"
"18792477","975514"
"17380","975628"
"18486105","976014"
"18588465","976379"
"5939","976466"
"18177649","976646"
"5939","976701"
"5939","976715"
"5939","976873"
"5939","976930"
"5939","976998"
"5939","977374"
"5939","977458"
"18753945","977652"
"17117338","977698"
"18611680","978072"
"217341","979032"
"18378682","979181"
"18845584","979885"
"5939","980355"
"18821414","980453"
"5939","980495"
"5939","980531"
"18851483","980541"
"17486321","980589"
"5939","980632"
"5939","980857"
"5939","980919"
"5939","981171"
"5939","981542"
"827","981733"
"5939","981940"
"5939","982029"
"17547654","982232"
"18837106","982233"
"18640019","982926"
"5939","983121"
"5939","983449"
"5939","983465"
"18611749","983859"
"18151827","983986"
"18670517","984235"
"5939","984399"
"2060","984520"
"5939","984544"
"217341","984581"
"16658531","984686"
"18849923","984924"
"16708648","985120"
"5","985434"
"18490800","985909"
"219245","986665"
"18492074","986752"
"5939","986973"
"18314122","987158"
"18885282","987238"
"18861356","987273"
"18467855","987514"
"18864486","987679"
"18599130","988056"
"18366530","988102"
"18661148","988404"
"18912430","988808"
"18690419","989064"
"18920926","989242"
"18932535","989506"
"18935270","989512"
"18837904","990434"
"16271707","991026"
"18834008","991698"
"18887312","992279"
"18938972","992399"
"18993893","992949"
"18856590","994185"
"16399245","994817"
"18546356","995130"
"213680","995234"
"10000376","995316"
"10000376","995321"
"10000376","995322"
"18314122","995663"
"17778483","995948"
"1","996259"
"18660736","996280"
"2060","996374"
"16997225","996900"
"18906456","997732"
"10203032","998671"
"35","998726"
"17557769","999965"
"18993176","999977"
"1","1000185"
"19010341","1000234"
"18583638","1001441"
"19015315","1002280"
"18648273","1002532"
"18325651","1002575"
"19016775","1002667"
"18997140","1002895"
"18799992","1003482"
"18785584","1004248"
"18626886","1004277"
"17388543","1004623"
"19017660","1004663"
"18797627","1004702"
"18989333","1004738"
"19015547","1004879"
"19014197","1004921"
"18770264","1005016"
"18637244","1005219"
"16438343","1005359"
"9","1005501"
"18980683","1005760"
"18999594","1005775"
"18877502","1005793"
"18673282","1006370"
"19015547","1006497"
"18710197","1006656"
"16623919","1007266"
"18563682","1007288"
"18778226","1007345"
"19025321","1008392"
"19020370","1008393"
"217341","1008902"
"18999108","1009555"
"17027186","1010124"
"15731801","1010917"
"26","1011089"
"18877106","1011167"
"18366530","1011291"
"159224","1011610"
"184093","1012254"
"18074942","1012283"
"19039233","1012992"
"10","1013143"
"18503250","1013462"
"18113333","1013491"
"2060","1013563"
"18911653","1013923"
"18592907","1014400"
"18314122","1014837"
"19042478","1014942"
"17599355","1015012"
"4","1015187"
"2060","1015788"
"18894183","1015992"
"18390877","1016208"
"19045533","1016252"
"18483121","1016306"
"19046963","1016749"
"1","1018302"
"18308335","1018736"
"18190053","1018934"
"19043561","1019535"
"19052578","1019633"
"1","1019909"
"18544595","1020095"
"19044275","1020607"
"16548144","1020696"
"19042029","1020982"
"15060454","1021205"
"18098267","1021605"
"16821294","1022113"
"18726442","1022758"
"26","1023536"
"18493811","1023648"
"18665153","1023742"
"18872744","1023832"
"18969218","1023884"
"18548814","1025806"
"94","1025945"
"19012262","1026192"
"2060","1026661"
"2060","1026710"
"10000376","1027187"
"17595954","1027240"
"18673282","1027253"
"19064899","1027257"
"19065879","1027272"
"19063754","1027336"
"22","1028765"
"18095052","1028900"
"19034693","1028960"
"18645779","1029527"
"17087021","1030603"
"19070987","1030637"
"19071148","1030726"
"19073330","1032191"
"18593018","1032766"
"25","1034208"
"19061745","1034641"
"30","1036471"
"382","1037089"
"14889","1037141"
"19103560","1037716"
"19120567","1039105"
"17350412","1039108"
"19067439","1039150"
"14889","1039643"
"2060","1039644"
"14889","1039645"
"14889","1039984"
"369","1040143"
"18966811","1040902"
"14889","1042451"
"19146017","1042722"
"19146017","1042724"
"19146017","1042740"
"19146017","1042743"
"19146017","1042744"
"19083571","1042754"
"19109654","1042762"
"18565817","1042774"
"19147492","1042894"
"19094271","1043095"
"19103883","1043099"
"19107198","1043105"
"19095893","1043106"
"19078673","1043114"
"19147492","1043401"
"17682976","1043404"
"19133256","1043425"
"19150040","1043426"
"19096645","1043487"
"19107620","1043519"
"19150859","1043525"
"19119013","1043539"
"17438410","1043583"
"18999253","1043615"
"18585176","1043958"
"3653","1044025"
"19154252","1044038"
"19135342","1044071"
"18770264","1044759"
"18922467","1045053"
"19077109","1045118"
"18503250","1045537"
"14889","1046022"
"18414483","1046200"
"191203","1046299"
"19170797","1046998"
"17497401","1048156"
"19072962","1048982"
"18805805","1049588"
"18581414","1049824"
"14889","1049828"
"14889","1050502"
"19148005","1051658"
"19037612","1051839"
"19188247","1052379"
"18973620","1052607"
"17605830","1052714"
"18074942","1052740"
"18675607","1053208"
"19123864","1053327"
"19067439","1054021"
"18634046","1054369"
"2060","1054777"
"19069310","1055447"
"15023472","1055466"
"19123864","1055487"
"2060","1055780"
"18782062","1056093"
"2060","1056605"
"19204064","1056785"
"18592126","1057233"
"19190389","1058304"
"217341","1058511"
"19195213","1059020"
"1","1059847"
"18268885","1060189"
"19192016","1060264"
"18299734","1060269"
"218555","1060275"
"18408323","1060318"
"18966811","1060363"
"17490991","1060371"
"19211045","1060401"
"19069458","1060523"
"19195213","1060594"
"19210648","1060743"
"10000376","1061114"
"19211097","1061287"
"19215756","1061347"
"17670131","1061411"
"19215756","1061445"
"11031225","1061446"
"19220547","1061683"
"18266909","1061922"
"17149792","1061934"
"19215986","1062102"
"18131011","1062611"
"18966811","1062942"
"19189257","1063272"
"17468707","1063824"
"221","1064103"
"18270846","1064551"
"19232618","1064704"
"17062629","1064737"
"19233151","1064845"
"19014501","1065799"
"19239704","1066377"
"179","1066562"
"212418","1066906"
"10000376","1067015"
"18198917","1067252"
"18157827","1068624"
"10359875","1068638"
"2060","1069144"
"39","1069228"
"18157464","1069268"
"18144514","1070336"
"19256393","1071094"
"19258400","1071368"
"17468707","1071392"
"19209402","1071471"
"17388494","1071646"
"19213089","1071769"
"18799791","1071988"
"19257747","1072022"
"18514428","1072187"
"17468707","1072420"
"19258118","1072490"
"32371","1072635"
"17457395","1073093"
"18057546","1073347"
"19282884","1073557"
"115","1074550"
"19270783","1075290"
"17388494","1075617"
"17497401","1075975"
"19064899","1076088"
"19321245","1076261"
"19236344","1077076"
"17614419","1077850"
"19328454","1079543"
"19328640","1079625"
"19258439","1079640"
"10000376","1080217"
"10000376","1080220"
"10000376","1080229"
"10000376","1080230"
"18594466","1080754"
"18284960","1081226"
"6","1081373"
"6","1081389"
"18602300","1081434"
"18602300","1081438"
"16381495","1081578"
"18602210","1082182"
"18602210","1082185"
"18602210","1082186"
"18694451","1082356"
"18716852","1082715"
"18871361","1083090"
"19315120","1083426"
"17069770","1083719"
"5","1083829"
"18602210","1084916"
"15941531","1085119"
"17979738","1085206"
"18602210","1085288"
"18602210","1085335"
"19233128","1085382"
"18602210","1085451"
"18602210","1085508"
"19258367","1085706"
"19347831","1085966"
"4065","1085984"
"19243638","1086050"
"19196988","1086062"
"19346796","1086463"
"369","1086549"
"18602210","1086690"
"18830851","1086736"
"18782062","1087308"
"18782062","1087348"
"19241251","1087772"
"31564","1087962"
"19239715","1088704"
"19353794","1089008"
"19020742","1089396"
"18870160","1090912"
"39","1090981"
"219148","1091072"
"219148","1091110"
"219148","1091134"
"19361650","1091204"
"18270846","1091608"
"19248781","1091874"
"19326396","1092322"
"19212001","1092982"
"19358672","1093172"
"18602210","1093683"
"16212536","1094029"
"19361283","1094124"
"18602210","1094309"
"18602210","1094418"
"18602210","1094419"
"18602210","1094420"
"18428390","1094506"
"19355868","1095574"
"18602214","1095778"
"18602214","1095779"
"18602214","1095786"
"18602214","1096898"
"18602214","1096899"
"18602214","1096901"
"18602214","1096904"
"18602214","1096905"
"18602214","1096909"
"18602214","1096911"
"18602214","1096914"
"18602214","1096915"
"19355238","1097333"
"18585981","1097750"
"1","1098078"
"19355353","1098196"
"18602214","1098646"
"18602214","1098648"
"18602214","1098650"
"18602214","1098652"
"18602214","1098661"
"18602214","1098662"
"18602214","1098665"
"18602214","1098666"
"18602214","1098667"
"18602214","1098685"
"18602214","1098686"
"18602214","1098687"
"18602214","1098688"
"18602214","1098690"
"18602214","1098691"
"18602214","1098713"
"18602214","1098714"
"18602214","1098715"
"18602214","1098716"
"18602214","1098723"
"18602214","1098725"
"18602214","1098726"
"18602214","1098727"
"18602214","1098732"
"18602214","1098733"
"18484567","1099704"
"17354028","1099721"
"19391628","1100172"
"19039040","1100360"
"18772334","1100389"
"18725932","1100524"
"18665032","1100542"
"19043619","1100550"
"18964649","1100820"
"5","1100952"
"19044275","1101494"
"19338404","1101643"
"18602214","1101803"
"18602214","1101804"
"18602214","1101805"
"18602214","1101806"
"18602214","1101812"
"18602214","1101816"
"18602214","1101820"
"18602214","1101821"
"18602214","1101823"
"18602214","1101824"
"18322127","1102014"
"18916831","1102241"
"19401674","1102285"
"2060","1102523"
"6","1103015"
"5","1103016"
"19361879","1103021"
"18967505","1103662"
"115908","1103679"
"5","1103788"
"18602214","1103932"
"18602214","1103933"
"19421402","1104201"
"19372969","1104230"
"18479445","1104718"
"19181497","1104934"
"15043928","1105040"
"2060","1105045"
"18602214","1105368"
"18602214","1105369"
"18602214","1105370"
"18602214","1105371"
"18602214","1105372"
"18602214","1105373"
"18602214","1105374"
"18602214","1105375"
"18602214","1105376"
"18602214","1105377"
"18602214","1105378"
"18602214","1105380"
"18602214","1105381"
"18602214","1105382"
"18602214","1105383"
"18602214","1105385"
"18638450","1106054"
"19421153","1106230"
"10000376","1106490"
"144","1106561"
"10000376","1107435"
"10000376","1107437"
"144","1107934"
"4","1108781"
"19431553","1109334"
"19029582","1109344"
"19431602","1109380"
"18602214","1109645"
"18602214","1109648"
"18602214","1109649"
"18602214","1109653"
"18602214","1109660"
"18602214","1109661"
"18602214","1109664"
"18602214","1109665"
"18602214","1109668"
"18602214","1109671"
"18602214","1109672"
"18602214","1109674"
"18602214","1109675"
"18602214","1109743"
"18602214","1109744"
"18602214","1109749"
"18602214","1109752"
"144","1109756"
"19429289","1110072"
"18602214","1110152"
"18602214","1110158"
"18602214","1110161"
"19186715","1110437"
"18803282","1110457"
"144","1110557"
"18997376","1111090"
"19024831","1111135"
"1","1111572"
"19034693","1111606"
"1","1111715"
"19074179","1111841"
"19422702","1111886"
"1","1111913"
"19394643","1112179"
"15593181","1112192"
"18602214","1112442"
"18602214","1112444"
"18602214","1112445"
"18602214","1112448"
"18602214","1112449"
"18602214","1112450"
"18602214","1112451"
"18602214","1112453"
"19238213","1112573"
"19324342","1112789"
"18602214","1114030"
"18602214","1114031"
"18602214","1114032"
"18602214","1114034"
"18602214","1114035"
"18602214","1114036"
"18602214","1114037"
"18602214","1114038"
"18997376","1114242"
"19190389","1114733"
"18997376","1114930"
"19440240","1114968"
"18997376","1114997"
"19441173","1115447"
"19064899","1116179"
"1","1116651"
"18602214","1117265"
"18602214","1117267"
"18602214","1117269"
"18602214","1117274"
"18602214","1117275"
"18602214","1117278"
"18602214","1117279"
"18602214","1117280"
"18602214","1117281"
"18602214","1117286"
"18602214","1117287"
"217341","1117332"
"19363735","1118094"
"19179634","1118226"
"17605830","1119321"
"18476201","1119424"
"16996658","1119827"
"19364026","1120892"
"19385536","1121025"
"19435708","1121349"
"16685264","1121397"
"18602214","1121891"
"18602214","1121893"
"18602214","1121894"
"18602214","1121899"
"18602214","1121900"
"18602214","1121902"
"18602214","1121903"
"18602214","1121904"
"18602214","1121905"
"16685264","1122388"
"28233","1123007"
"18466075","1123449"
"19456538","1123608"
"19421434","1123744"
"18858425","1124193"
"15791907","1124196"
"19048404","1124507"
"19441543","1124520"
"19456106","1124620"
"19195328","1124676"
"16800174","1125198"
"136","1125617"
"18602214","1125648"
"18602214","1125649"
"18602214","1125654"
"18602214","1125657"
"18602214","1125660"
"18602214","1125663"
"18602214","1125664"
"18602214","1125678"
"18602214","1125681"
"19467057","1125715"
"19404016","1126007"
"19445598","1126164"
"17547654","1126710"
"17547654","1126723"
"18465703","1126751"
"17624407","1126851"
"19484141","1127180"
"19484141","1127181"
"19484141","1127182"
"19484141","1127184"
"19487045","1127491"
"6","1127512"
"19484141","1127589"
"19484141","1127592"
"19484141","1127594"
"19484141","1127625"
"19484141","1127633"
"19484141","1127634"
"19484141","1127645"
"18766203","1127899"
"18602214","1127926"
"18602214","1127930"
"18602214","1127934"
"18602214","1127935"
"18602214","1127938"
"18602214","1127940"
"18602214","1127945"
"18602214","1127947"
"18602214","1127949"
"19484141","1128118"
"19484141","1128121"
"19484141","1128122"
"19484141","1128130"
"19484141","1128751"
"19484141","1128752"
"19484141","1128753"
"19484141","1128755"
"19484141","1128756"
"19484141","1128758"
"19484141","1128778"
"368","1128787"
"19484141","1128830"
"19450043","1128868"
"19448674","1128875"
"19484141","1128968"
"19484141","1128969"
"19484141","1128970"
"19484141","1128971"
"19484141","1128972"
"19484141","1128973"
"19201399","1129034"
"368","1129247"
"19511578","1129486"
"19484141","1129870"
"19484141","1129871"
"19484141","1129876"
"19484141","1129878"
"19484141","1129879"
"19484141","1129935"
"19484141","1130586"
"19484141","1130588"
"19484141","1130593"
"19484141","1130594"
"19484141","1130595"
"19484141","1130598"
"19484141","1130599"
"19484141","1130601"
"19484141","1130602"
"19484141","1130603"
"19484141","1130609"
"19484141","1130610"
"19484141","1130612"
"19484141","1130614"
"19484141","1130619"
"19484141","1130620"
"19484141","1130626"
"19484141","1130633"
"19484141","1130638"
"19484141","1130639"
"19484141","1130647"
"19484141","1130648"
"19484141","1130649"
"19484141","1130651"
"19484141","1130656"
"19484141","1130657"
"19484141","1130658"
"19484141","1130659"
"19484141","1130662"
"19484141","1130664"
"19484141","1130665"
"19484141","1130666"
"19484141","1130672"
"19528945","1130687"
"19484141","1130876"
"19484141","1130878"
"19484141","1130879"
"18501416","1130948"
"19544471","1131079"
"19428815","1131558"
"17492867","1131706"
"19484141","1131727"
"19484141","1131728"
"19484141","1131733"
"19484141","1131734"
"19319069","1131800"
"38447","1131989"
"38447","1132092"
"16984741","1132238"
"19484141","1132255"
"17357344","1132339"
"19484141","1132486"
"19484141","1132488"
"19484141","1132489"
"19484141","1132492"
"18673282","1132580"
"18201631","1132626"
"38447","1133058"
"19572029","1133092"
"19484141","1133526"
"19484141","1133527"
"19484141","1133528"
"19484141","1133530"
"19484141","1134056"
"19484141","1134058"
"19484141","1134060"
"19484141","1134061"
"19484141","1134199"
"19484141","1134200"
"19484141","1134201"
"19484141","1134202"
"18118523","1134272"
"16694909","1134376"
"18847421","1134723"
"18596824","1134806"
"19484141","1134841"
"19484141","1134842"
"19484141","1134843"
"19484141","1134845"
"18602214","1134896"
"18602214","1134897"
"18602214","1134907"
"18602214","1134908"
"18602214","1134909"
"18602214","1134910"
"18602214","1134911"
"18602214","1134914"
"18602214","1134915"
"18602214","1134917"
"18602214","1134918"
"18602214","1134921"
"18602214","1134924"
"18602214","1134925"
"18602214","1134926"
"18602214","1134927"
"18602214","1134932"
"18602214","1134934"
"18602214","1134935"
"18602214","1134936"
"18602214","1134937"
"18602214","1134939"
"18602214","1134940"
"18602214","1134941"
"18602214","1134942"
"18602214","1134944"
"18602214","1134945"
"18602214","1134946"
"18602214","1134947"
"18602214","1134948"
"18602214","1134949"
"18602214","1134950"
"18602214","1134970"
"18602214","1134971"
"18602214","1134972"
"18602214","1134973"
"10000376","1135161"
"10000376","1135176"
"19521374","1135234"
"10000376","1135328"
"18803282","1135472"
"18585981","1135720"
"18585981","1135729"
"18585981","1135748"
"18585981","1135758"
"19575050","1135836"
"19484141","1135922"
"19484141","1135925"
"19484141","1135929"
"19484141","1135930"
"19477378","1136039"
"19484141","1136319"
"19367905","1136607"
"159224","1136815"
"19579164","1137131"
"19577490","1137574"
"19435866","1137698"
"18602214","1137758"
"18602214","1137759"
"18602214","1137761"
"18602214","1137762"
"18602214","1137764"
"18602214","1137765"
"18602214","1137770"
"18602214","1137771"
"18602214","1137773"
"18602214","1137774"
"19484141","1137970"
"19484141","1137971"
"19484141","1137972"
"19484141","1137974"
"19580037","1138047"
"19484141","1138096"
"827","1138207"
"19484141","1138502"
"19484141","1138503"
"19484141","1138504"
"19484141","1138505"
"19579342","1138723"
"18602214","1138742"
"18602214","1138743"
"18602214","1138745"
"18602214","1138750"
"18602214","1138751"
"18602214","1138755"
"18602214","1138756"
"18602214","1138758"
"18602214","1138760"
"18602214","1138761"
"18602214","1138762"
"18602214","1138763"
"18602214","1138765"
"19484141","1139052"
"19484141","1139053"
"19484141","1139054"
"19484141","1139056"
"19484141","1139981"
"19484141","1139982"
"19484141","1139983"
"10478675","1140925"
"15001415","1141501"
"18602214","1142196"
"18602214","1142197"
"18602214","1142199"
"18602214","1142203"
"18602214","1142207"
"18602214","1142208"
"18602214","1142213"
"18602214","1142214"
"18602214","1142215"
"18602214","1142216"
"19484141","1142608"
"19484141","1142611"
"18602214","1142647"
"18602214","1142648"
"18308918","1142839"
"827","1142930"
"19579557","1142935"
"19584919","1143011"
"18314122","1143847"
"19588613","1143890"
"515","1144133"
"185382","1144937"
"19435708","1145095"
"28233","1145492"
"19425155","1145974"
"19594790","1146320"
"10891754","1146899"
"18284960","1147108"
"15566196","1147369"
"19594913","1147383"
"19038808","1147860"
"19598137","1147983"
"19597617","1148998"
"19581363","1149209"
"166","1149985"
"89069","1150030"
"18862765","1151055"
"19602656","1151087"
"16054246","1151581"
"89069","1152267"
"89069","1152307"
"19572753","1152652"
"89069","1152741"
"10","1152849"
"89069","1152850"
"18675978","1152867"
"369","1152958"
"369","1153178"
"10154440","1153418"
"6","1153526"
"18486999","1153877"
"19443201","1154008"
"18966811","1154089"
"89069","1154115"
"1","1154403"
"6","1154404"
"16214016","1154545"
"19609170","1154673"
"19599146","1154824"
"219148","1154884"
"19598939","1154908"
"89069","1154992"
"19446944","1155042"
"19441543","1155339"
"16952076","1155381"
"18173597","1156026"
"17468707","1156146"
"19178228","1156771"
"19542895","1156890"
"19186715","1157090"
"19605255","1157405"
"19484141","1157829"
"19573871","1158038"
"19387621","1158473"
"19613711","1158493"
"18981239","1158619"
"18892553","1158675"
"19615520","1159283"
"19612613","1159341"
"4","1159768"
"16907454","1160177"
"212290","1160271"
"18602214","1161524"
"18602214","1161526"
"18602214","1161528"
"18602214","1161530"
"18602214","1161532"
"18602214","1161944"
"18602214","1161945"
"18602214","1161946"
"18602214","1161947"
"18602214","1161948"
"18602214","1161951"
"19371682","1162005"
"18270846","1162110"
"18283787","1162431"
"19594913","1162477"
"19553143","1162873"
"19526862","1162952"
"19618827","1163753"
"19196707","1163916"
"18314966","1163917"
"19388500","1164305"
"5","1164454"
"19431353","1164494"
"19605372","1165511"
"18602214","1165644"
"18602214","1165646"
"18602214","1165651"
"18602214","1165654"
"18602214","1165657"
"18602214","1165659"
"18602214","1165660"
"18602214","1165661"
"18602214","1165665"
"18602214","1165666"
"18602214","1165670"
"18602214","1165672"
"18602214","1165679"
"18602214","1165680"
"18602214","1165681"
"18602214","1165682"
"16308531","1165710"
"10000376","1165776"
"10000376","1165777"
"10000376","1165779"
"10000376","1165783"
"10000376","1165789"
"138","1166227"
"18837977","1166860"
"19621351","1167025"
"18509046","1167147"
"19268481","1167338"
"19629293","1167814"
"2060","1168162"
"19458180","1168344"
"19201833","1168470"
"5","1169406"
"16905717","1169805"
"18673493","1169830"
"17468707","1170169"
"18386347","1170254"
"4","1170353"
"19638811","1170416"
"19444762","1170466"
"19268701","1170604"
"5","1170644"
"5","1170645"
"19573871","1171247"
"18320217","1171255"
"18508453","1171461"
"19642726","1171573"
"19634351","1171678"
"19002088","1171790"
"19020742","1171894"
"19006251","1171989"
"16769986","1172597"
"19644675","1172662"
"19587624","1173221"
"18602214","1174007"
"18602214","1174009"
"18602214","1174013"
"18602214","1174014"
"18602214","1174017"
"18602214","1174018"
"18602214","1174023"
"18602214","1174024"
"18602214","1174026"
"18602214","1174027"
"18602214","1174030"
"18602214","1174032"
"18602214","1174033"
"18602214","1174034"
"18602214","1174035"
"18602214","1174036"
"18602214","1174039"
"18602214","1174042"
"18602214","1174045"
"18602214","1174047"
"18602214","1174056"
"18602214","1174057"
"2060","1174066"
"212331","1174069"
"115908","1174073"
"219148","1174077"
"218861","1174079"
"18602214","1174090"
"18602214","1174091"
"19649102","1174109"
"17496557","1174302"
"19641520","1174381"
"17589687","1174417"
"19642396","1174583"
"17468707","1174606"
"19627779","1174965"
"19642005","1175067"
"22","1175420"
"19390498","1175475"
"19043367","1175670"
"19005176","1176376"
"19045493","1176447"
"2060","1176504"
"115908","1176511"
"32069","1176513"
"219148","1176515"
"19621351","1176930"
"18793405","1177105"
"17435429","1177855"
"19632626","1178081"
"17496557","1178388"
"19608144","1178923"
"2060","1180147"
"17548978","1180374"
"18685539","1180388"
"19631902","1180464"
"208979","1180498"
"19453064","1180717"
"19186482","1181037"
"18397575","1181316"
"19209973","1181629"
"208979","1181662"
"208979","1181816"
"18380922","1182305"
"19657265","1182557"
"18710212","1182824"
"1","1182938"
"19665601","1182951"
"19196988","1183036"
"19598288","1183212"
"18270846","1183655"
"19352992","1183832"
"19183153","1183838"
"18351695","1183855"
"18684226","1183980"
"19681948","1184203"
"19667184","1184451"
"19683302","1184481"
"18117489","1184489"
"18375788","1184688"
"19638445","1185363"
"18351695","1186150"
"19169097","1186249"
"222478","1186253"
"194975","1186254"
"223159","1186255"
"19278217","1186294"
"18673282","1186441"
"144148","1186516"
"19630657","1187135"
"19390156","1187432"
"19688758","1187532"
"19055188","1187782"
"18684226","1187853"
"18684226","1187859"
"18684226","1187861"
"19055188","1187879"
"254","1187896"
"19687046","1187959"
"19693809","1188089"
"19694447","1188325"
"18744553","1188528"
"19696592","1188863"
"18351695","1188909"
"19697001","1189046"
"18250107","1189093"
"19434753","1189223"
"19697286","1189228"
"19374927","1189281"
"18924500","1189555"
"19611034","1189996"
"9","1190873"
"19178348","1191165"
"18858425","1191696"
"19573871","1191702"
"19705849","1191754"
"19430794","1191906"
"18351695","1192126"
"18766957","1192502"
"17062776","1192510"
"18602214","1192998"
"18602214","1193004"
"18602214","1193005"
"18602214","1193006"
"18602214","1193007"
"18602214","1193008"
"18602214","1193009"
"18602214","1193011"
"18602214","1193012"
"18602214","1193014"
"18602214","1193016"
"18602214","1193020"
"18602214","1193021"
"18602214","1193023"
"18602214","1193024"
"18602214","1193032"
"18602214","1193033"
"19701283","1193105"
"19594913","1193468"
"22","1193982"
"10000376","1194192"
"17354028","1194263"
"16780028","1194960"
"19697675","1194999"
"18450255","1195030"
"5","1195819"
"19210636","1196012"
"9","1196714"
"18351695","1196889"
"212418","1196995"
"183","1197655"
"19443217","1198087"
"19648463","1198344"
"19585827","1198357"
"19713265","1198453"
"217341","1198644"
"19641561","1198678"
"19725361","1199015"
"18382888","1199133"
"19039697","1199151"
"19587575","1199592"
"18","1199627"
"19648463","1199640"
"18580872","1199902"
"10000376","1200413"
"17070207","1200562"
"19716399","1200810"
"18594519","1200906"
"19767440","1201014"
"19874699","1201481"
"19831278","1201686"
"5","1201791"
"19701879","1201946"
"2060","1201950"
"19640704","1201957"
"19719740","1202298"
"2060","1202366"
"2060","1202367"
"2060","1202453"
"19933374","1202561"
"31564","1202590"
"19904946","1202757"
"17348720","1202804"
"19791514","1202903"
"11000708","1202946"
"19648463","1202979"
"2060","1202984"
"19712440","1203745"
"19648463","1204062"
"20101750","1204426"
"20001029","1204521"
"2060","1204530"
"19859134","1204763"
"135425","1204775"
"19927630","1204905"
"20155667","1204966"
"17522939","1205153"
"18085671","1205413"
"18074942","1205598"
"17468707","1205746"
"19335140","1205846"
"19587575","1206337"
"212837","1206544"
"19648463","1206582"
"20230090","1206651"
"19064899","1206790"
"20234139","1206838"
"20154443","1207134"
"19692545","1207474"
"19650249","1207700"
"20239059","1208577"
"18345386","1208936"
"19367971","1209127"
"19064899","1209130"
"20288579","1209214"
"18287120","1209900"
"19813879","1210030"
"18188860","1210206"
"20312367","1210558"
"18116124","1210684"
"19648463","1210892"
"19258718","1211034"
"18351695","1211508"
"18594519","1211755"
"19223592","1211794"
"19624586","1211872"
"19648463","1212193"
"18085671","1212359"
"20289950","1212364"
"19335140","1212367"
"19930045","1212535"
"19586923","1212617"
"17730966","1212840"
"10563942","1213146"
"20344004","1213214"
"16198840","1213219"
"20345270","1213382"
"19449052","1213497"
"19633721","1213601"
"20275673","1213605"
"20348288","1213766"
"19587575","1214013"
"20332123","1214175"
"16708648","1214283"
"20355957","1214807"
"19200900","1214864"
"19492534","1214999"
"20155046","1215090"
"15683359","1215100"
"19794907","1215182"
"19217636","1215330"
"20359926","1215443"
"19648463","1215470"
"20333267","1215597"
"19977186","1215658"
"20336835","1215742"
"20165584","1215769"
"19705344","1215951"
"20360279","1215974"
"827","1216055"
"20368954","1216352"
"19335140","1216387"
"18144514","1216733"
"17444232","1216763"
"20374570","1216976"
"18108552","1217017"
"17626674","1217029"
"18257141","1217213"
"19618315","1217724"
"19648463","1217745"
"20296369","1217965"
"18725303","1218039"
"19621070","1218086"
"212290","1218140"
"5","1218145"
"10000376","1218168"
"20174783","1218208"
"19199756","1218433"
"19696242","1218449"
"18528318","1218535"
"2060","1218616"
"19643356","1218701"
"18220518","1218720"
"20174783","1218902"
"20315890","1219147"
"17485025","1219343"
"827","1219393"
"19688887","1219599"
"19648463","1219751"
"18474495","1220009"
"105","1220075"
"17444232","1220300"
"827","1220439"
"827","1220566"
"19335140","1220591"
"19662065","1220626"
"592","1220697"
"20396764","1220707"
"20390510","1220783"
"2060","1220986"
"20326907","1221234"
"18474495","1221298"
"18474495","1221299"
"217341","1221520"
"827","1221732"
"827","1221844"
"827","1221863"
"20052638","1221916"
"20034081","1221952"
"19574147","1222151"
"19648463","1222162"
"17676656","1222195"
"17676656","1222207"
"17676656","1222329"
"5","1222508"
"15917369","1222553"
"10695225","1222656"
"19675798","1222779"
"827","1222803"
"20019972","1222985"
"17794571","1223081"
"10861742","1223550"
"2060","1223577"
"115908","1223584"
"218960","1223589"
"18474495","1224056"
"18474495","1224057"
"19420041","1224083"
"20415067","1224102"
"19621708","1224234"
"19675798","1224349"
"19701879","1224380"
"19592528","1224389"
"19587624","1224425"
"19587624","1224429"
"19648463","1224495"
"19701879","1224592"
"19711513","1224687"
"19947568","1224801"
"19205513","1224810"
"18602214","1224814"
"19205513","1224815"
"18602214","1224816"
"18393514","1224858"
"18602214","1224888"
"18602214","1224889"
"18602214","1224890"
"18602214","1224891"
"18602214","1224892"
"18602214","1224894"
"18602214","1224899"
"18602214","1224901"
"19701879","1224904"
"18896912","1224927"
"19624586","1225039"
"18678939","1225169"
"9","1225178"
"18678939","1225223"
"19059928","1225258"
"18896912","1225392"
"19341719","1225498"
"19701879","1225589"
"19617648","1225594"
"19448820","1225669"
"18474495","1225835"
"19712507","1225898"
"19916652","1225944"
"19205513","1225959"
"19623101","1225967"
"20131944","1226020"
"20413929","1226064"
"19576956","1226234"
"19047321","1226283"
"18474495","1226315"
"18474495","1226317"
"18474495","1226322"
"18474495","1226325"
"19701879","1226362"
"20429566","1226421"
"19049428","1226440"
"16577835","1226472"
"18505667","1226473"
"20429566","1226483"
"20174783","1226501"
"20174783","1226525"
"20398713","1226601"
"19071543","1226627"
"20419857","1226655"
"19701879","1226696"
"18896912","1226791"
"19386583","1226793"
"18553336","1226849"
"19708414","1226870"
"19701879","1227124"
"18098349","1227131"
"19735541","1227213"
"19735541","1227214"
"19735541","1227215"
"19735541","1227216"
"18505743","1227290"
"18779977","1227318"
"19735541","1227370"
"20435260","1227377"
"18896912","1227622"
"19701879","1227765"
"19708414","1227874"
"19703117","1227934"
"18896912","1227961"
"19701879","1228007"
"18896912","1228056"
"19071543","1228157"
"20438656","1228231"
"15695471","1228250"
"18896912","1228265"
"19706784","1228285"
"18896912","1228550"
"19701879","1228575"
"18281606","1228643"
"19712507","1228659"
"19906581","1228662"
"19610094","1228680"
"19735541","1228708"
"19735541","1228710"
"19735541","1228712"
"19735541","1228713"
"19735541","1228714"
"19735541","1228715"
"19610094","1228731"
"19610094","1228732"
"19610094","1228733"
"19610094","1228745"
"19708414","1228758"
"17338935","1228812"
"19701879","1228824"
"18896912","1228942"
"18124113","1228975"
"19587624","1228983"
"19587624","1228984"
"18806903","1229175"
"19696242","1229182"
"20430444","1229183"
"19668734","1229201"
"19701879","1229217"
"18896912","1229260"
"19474169","1229311"
"19947021","1229365"
"15695471","1229442"
"19701879","1229501"
"15695471","1229529"
"19637802","1229627"
"18675978","1229800"
"19927949","1229804"
"2060","1229831"
"115908","1229838"
"18505667","1229974"
"18076517","1230825"
"223368","1231385"
"19380445","1231596"
"19704409","1231755"
"20421134","1232472"
"89069","1232824"
"19656136","1233208"
"96","1233339"
"19727163","1233382"
"1039","1233976"
"19613011","1234980"
"19965753","1236297"
"212290","1326615"
"20460932","1385494"
"20410084","1399465"
"18669010","1399844"
"18874397","1399874"
"19633341","1400163"
"19167074","1400434"
"20476587","1401064"
"17336392","1401300"
"16765760","1401856"
"61","1401903"
"19651327","1401989"
"20465810","1402670"
"19632615","1402844"
"20480366","1402922"
"20485640","1403506"
"20483774","1403688"
"19014604","1403690"
"19641415","1403806"
"18997376","1404872"
"19094673","1405527"
"18699048","1406789"
