"10000431","1060959"
"10001642","2780780"
"10001642","2985529"
"10005970","2918496"
"10006360","3257452"
"10007631","1060959"
"10007877","988511"
"10011231","1540264"
"10012959","3442923"
"10014031","2627309"
"10015788","3451793"
"10015788","3918262"
"10016369","2239336"
"10018589","3480643"
"10021145","1223671"
"10021799","3229293"
"10021799","3919928"
"10021799","4033435"
"10022483","3232706"
"10022483","3884071"
"10024883","1791922"
"10024923","2108067"
"10029608","1785895"
"10029608","2552158"
"10032830","1516961"
"10039301","793738"
"10041111","1834170"
"10045032","3800316"
"10046525","2425673"
"10049506","2570074"
"10049506","2736927"
"10049928","3219907"
"10052333","2048631"
"10053752","862572"
"10054746","804075"
"10055856","1723015"
"10060643","3326446"
"10060643","3882308"
"10061002","1536338"
"10061924","3127571"
"10065687","1122580"
"10066121","1871067"
"10068497","2428217"
"10068497","3445139"
"10068497","3462600"
"10068497","3644159"
"10068497","3725771"
"10068497","3773605"
"10070998","2370444"
"10072467","1153537"
"10073667","1586314"
"10073667","2082252"
"10074058","3619820"
"10074686","3086064"
"10074912","2922385"
"10074912","3054563"
"10074912","3341130"
"10074912","3597088"
"10074912","3616556"
"10077044","1519258"
"10078129","930503"
"10078609","3966316"
"10079845","1690159"
"10085691","2082252"
"10086914","3552937"
"10087313","1064132"
"10092627","1720872"
"10093211","3091267"
"10094915","3888021"
"10096640","1401599"
"10098133","3726461"
"10099815","3194434"
"10099815","3842599"
"10099815","3977870"
"10101353","3519257"
"10101353","3945696"
"10102366","1552798"
"10104581","1959481"
"10105080","1842366"
"10105793","3239020"
"10105938","1125581"
"10108901","2991071"
"10108901","2991158"
"10108901","3623237"
"10108901","3880050"
"10108976","3207234"
"10110638","1795728"
"10111820","1489622"
"10112038","3380842"
"10113701","1208492"
"10113701","1225513"
"10113701","1913072"
"10117091","1513919"
"10117938","794054"
"10120410","3298216"
"10120410","3505065"
"10120410","3540113"
"10120410","3720835"
"10120410","3721308"
"10120410","3825534"
"10120410","4000930"
"10122030","2522602"
"10123672","1157778"
"10123672","1402954"
"10123672","1583276"
"10123672","1681743"
"10123672","1712188"
"10123672","3251685"
"10123672","3349200"
"10123672","3408577"
"10123672","3450928"
"10123672","3689153"
"10123672","3728795"
"10123672","3838025"
"10125661","1742150"
"10128167","1064625"
"10129601","987905"
"10129715","1457518"
"10135439","1464455"
"10137960","1139963"
"10141871","2023896"
"10145539","2260348"
"10145599","3902927"
"10147431","886947"
"10150139","1748472"
"10150139","1963072"
"10150139","2344603"
"10151373","1600692"
"10152101","1508704"
"10158676","2375334"
"10159578","1747545"
"10162041","988511"
"10162614","1878435"
"10163111","1473244"
"10164803","2553585"
"10165741","840349"
"10165897","1122482"
"10167191","2108067"
"10167516","1980991"
"10167516","2914823"
"10167516","3009811"
"10167516","3051314"
"10167516","3457684"
"10167516","3476632"
"10167516","3754366"
"10167516","3776317"
"10168834","3955790"
"10168834","3997048"
"10169081","3959340"
"10172200","3909651"
"10173193","1819533"
"10175161","2970134"
"10175161","3873053"
"10180445","1783474"
"10185859","2615906"
"10186257","2136315"
"10188585","3955503"
"10189478","1533677"
"10196527","1646281"
"10197039","2527639"
"10199794","1577912"
"10206038","3370963"
"10208729","3072835"
"10209672","1079730"
"10209830","1079730"
"10209830","1093459"
"10210455","2809326"
"10210455","3623337"
"10210455","3643273"
"10210723","3780972"
"10211180","4048281"
"10211518","1644975"
"10215852","3492740"
"10218553","2580760"
"10221263","1110452"
"10221281","1871188"
"10221281","1928562"
"10223228","3009513"
"10227787","794743"
"10240504","1222441"
"10240693","1516614"
"10241082","3598227"
"10244874","1671739"
"10249242","1878953"
"10249883","1602809"
"10249975","1082241"
"10250570","2179059"
"10250570","2306745"
"10252340","2135766"
"10255252","3374181"
"10259150","1602809"
"10260126","2176161"
"10262151","1019227"
"10263196","1710180"
"10264395","1105639"
"10265650","818084"
"10268107","3719080"
"10269015","3009263"
"10269015","3029419"
"10269015","3428145"
"10269015","3464835"
"10269015","3659715"
"10269015","3950946"
"10269015","4058982"
"10269306","3387003"
"10270620","3194118"
"10270620","3211952"
"10270620","3561525"
"10270620","3602157"
"10271812","1774904"
"10272580","2843297"
"10272580","3721574"
"10273174","800115"
"10273360","1569081"
"10274483","1157955"
"10276451","1074493"
"10277625","2869201"
"10277812","3571586"
"10284398","1610177"
"10287293","2468250"
"10287910","1736546"
"10291577","1793696"
"10291896","3125779"
"10291896","3559696"
"10291896","3681259"
"10292844","1064132"
"10319949","3913069"
"10320416","2006117"
"10329682","2251698"
"10332542","1907697"
"10334349","1032987"
"10334349","994579"
"10334865","2169282"
"10336347","851450"
"10336542","2280060"
"10337442","1632780"
"10338118","1405230"
"10341438","2723925"
"10344947","1158553"
"10346304","2847942"
"10346304","3512832"
"10346304","3963369"
"10347013","1053338"
"10354106","1192324"
"10354569","3935793"
"10356451","955071"
"10361731","3404679"
"10366727","809857"
"10369621","2657233"
"10369922","2843188"
"10369922","2843215"
"10370425","2296997"
"10370899","2467492"
"10370904","2105457"
"10372280","1064132"
"10373130","842547"
"10374100","1927800"
"10374198","1017150"
"10375799","1107358"
"10376551","2517613"
"10377849","3271494"
"10378403","3856215"
"10382517","835110"
"10387780","3096654"
"10387780","3322844"
"10387780","4005574"
"10391879","987905"
"10392903","1515238"
"10393257","3026318"
"10393257","3747850"
"10393257","3770608"
"10393257","3996648"
"10393751","825478"
"10394155","3104249"
"10394155","3505740"
"10394155","3644722"
"10397875","1913072"
"10398737","3098467"
"10405156","2057966"
"10411727","1680515"
"10414490","989506"
"10415383","1633052"
"10419583","3004652"
"10419583","3145724"
"10419583","3414862"
"10419583","3647560"
"10419583","3683157"
"10419583","3684100"
"10419583","3931897"
"10419938","626260"
"10423566","1892667"
"10424901","3687821"
"10426885","2065485"
"10427325","1091459"
"10427676","1718692"
"10431965","849987"
"10435517","3581284"
"10445125","1932698"
"10446605","2630691"
"10448889","811523"
"10449322","3577372"
"10452182","1405230"
"10452199","995320"
"10452661","1793787"
"10453615","2695255"
"10453768","1143287"
"10463408","2529931"
"10472657","1749440"
"10472657","872242"
"10474968","2458114"
"10475070","3931379"
"10475070","3936437"
"10479528","1682437"
"10480436","796641"
"10481579","1004592"
"10487124","3828492"
"10487275","2082252"
"10488763","1520657"
"10488908","2408829"
"10494201","1539090"
"10494201","3022516"
"10494201","3143403"
"10494201","3206127"
"10494201","3433279"
"10494201","3465543"
"10494201","3483762"
"10494201","3542721"
"10494201","3640243"
"10494201","3702694"
"10494201","3764494"
"10494201","4000963"
"10495490","2650739"
"10498134","2296997"
"10500326","3584062"
"10503722","1173966"
"10505143","2246521"
"10506829","1586314"
"10506829","1653199"
"10509775","2425673"
"10510426","3204883"
"10514953","1458556"
"10514953","1488567"
"10516784","1650400"
"10522517","1661507"
"10525631","1564747"
"10526834","3343997"
"10526834","3361707"
"10526834","3598173"
"10532469","1640337"
"10534033","1472488"
"10534581","1495403"
"10542212","1938330"
"10542213","864784"
"10546876","1684349"
"10550420","634882"
"10550508","2981678"
"10557980","796641"
"10568514","830169"
"10571664","2127444"
"10576524","2371692"
"10577938","4061842"
"10578400","1701837"
"10581071","1426275"
"10585945","3671749"
"10590455","964555"
"10600400","3813604"
"10601828","1702481"
"10604836","1473758"
"10605440","2363813"
"10606713","1460436"
"10606865","2795156"
"10606865","2857408"
"10609654","3927347"
"10610894","1489039"
"10622510","3865969"
"10630727","3824698"
"10634878","2425673"
"10635585","3307140"
"10642904","2821794"
"10643069","1606270"
"10643069","2569183"
"10654053","2853916"
"10655843","808963"
"10657907","1563192"
"10657921","1744009"
"10659635","1889422"
"10666263","1870721"
"10675490","3525748"
"10678488","1460436"
"10678526","1681131"
"10680999","1458584"
"10685873","1645727"
"10689191","1413996"
"10689261","1938330"
"10694456","1711594"
"10695746","2127963"
"10695771","1413996"
"10697713","1654470"
"10700905","2113463"
"10701337","2413707"
"10704660","1639254"
"10707840","2082252"
"10707840","2089222"
"10713584","2847969"
"10714207","864784"
"10714616","1229154"
"10715857","1915747"
"10725753","1984054"
"10726108","1427526"
"10727296","2102069"
"10729011","3029796"
"10729488","3402456"
"10729488","3694959"
"10729488","4033280"
"10731795","2721563"
"10734010","2972246"
"10734010","3133247"
"10734010","3180659"
"10736999","1939753"
"10737035","1739137"
"10743031","955071"
"10746867","1745450"
"10758478","1666538"
"10761870","1080071"
"10765887","1427526"
"10766218","1193001"
"10770810","3787324"
"10771375","1907697"
"10771817","946156"
"10782600","3856077"
"10784786","2381048"
"10784825","1422720"
"10789134","2290330"
"10797082","2665716"
"10799430","1961267"
"10801531","3044435"
"10801531","3243792"
"10807586","1633052"
"10807822","1588092"
"10816430","2955809"
"10818470","628387"
"10823583","1587681"
"10823583","2876336"
"10823583","2896565"
"10823583","3249131"
"10823583","3298869"
"10823583","3465363"
"10823583","3511163"
"10823583","3692779"
"10823583","3773977"
"10825387","1644827"
"10826708","930503"
"10828878","3926522"
"10832693","1586314"
"10834876","3993868"
"10838278","1452737"
"10838278","1507155"
"10838848","3650303"
"10838848","3673472"
"10841050","849985"
"10842922","3674002"
"10851867","3010476"
"10851867","3068778"
"10851993","888434"
"10854050","2939841"
"10854050","2947695"
"10854050","3945227"
"10856592","2067576"
"10859008","3050275"
"10860389","2263746"
"10860389","2541391"
"10861150","995376"
"10862824","1653151"
"10863624","1195068"
"10863624","1207234"
"10863624","1574605"
"10863624","1625045"
"10863688","849027"
"10867066","3114820"
"10867871","2197590"
"10874749","622709"
"10874985","3233230"
"10875893","621884"
"10876472","1686580"
"10879034","3587881"
"10881767","878474"
"10884954","1130950"
"10888449","629669"
"10889544","2468645"
"10896742","745654"
"10898241","3829317"
"10898818","2794517"
"10904305","3512633"
"10908699","813528"
"10908734","3588420"
"10910630","1063850"
"10913069","1416937"
"10918703","3521983"
"10921005","1050736"
"10921891","1930904"
"10923615","1821380"
"10929498","3070624"
"10929498","3280824"
"10929498","3766590"
"10929498","795757"
"10932455","2974119"
"10935546","1151691"
"10935764","2101284"
"10938900","1427526"
"10938937","1013418"
"10939723","770048"
"10940614","1411421"
"10944417","1225665"
"10945013","2120589"
"10949309","3121522"
"10949957","839821"
"10953673","1664020"
"10953990","1491110"
"10955681","3019016"
"10955681","3239091"
"10955681","3322849"
"10955681","3361236"
"10955681","3622472"
"10955934","795137"
"10961693","3453710"
"10963650","874131"
"10964230","2744102"
"10967707","1064132"
"10970217","1419686"
"10978429","1084722"
"10978680","3960827"
"10983904","2010876"
"10988569","889451"
"10991850","3671182"
"10994803","2019920"
"10998498","1690569"
"10998719","989310"
"11001458","1588092"
"11004593","1804995"
"11005845","759251"
"11010481","3629047"
"11012422","835110"
"11013973","3610946"
"11016669","3561657"
"11019281","3357626"
"11020487","1569809"
"11020948","787494"
"11028329","1731448"
"11028924","3960234"
"11034425","798072"
"11035844","1140823"
"11039888","1061351"
"11043340","2843503"
"11043403","1164134"
"11045600","858727"
"11048862","928261"
"11050198","1658661"
"11057797","3584062"
"11058707","2194960"
"11059546","988511"
"11060157","892503"
"11060860","838439"
"11062251","1210382"
"11062647","1580260"
"11063417","1774176"
"11067863","1158740"
"11068940","1653151"
"11071047","2948763"
"11074165","1518145"
"11076517","3101892"
"11076517","3168765"
"11076517","3168808"
"11076517","3994957"
"11076752","1723031"
"11076752","1743849"
"11079716","1779438"
"11082798","713583"
"11086622","1027185"
"11087243","1816639"
"11087627","1595379"
"11087627","1771176"
"11093380","1981377"
"11094273","2043314"
"11094403","3409576"
"11095256","3893395"
"11096208","1064132"
"11096538","848766"
"11096538","852050"
"11096827","1495403"
"11098702","1649174"
"11100089","1058910"
"11100505","1104885"
"11101159","1855351"
"11106113","1031733"
"11106779","1511100"
"11106779","867785"
"11106919","1630475"
"11108143","1736295"
"11108887","887855"
"11112525","1524037"
"11122412","1704147"
"11122506","3155011"
"11127833","1711594"
"11128054","1602809"
"11132432","1002685"
"11132629","1431238"
"11134981","851033"
"11135608","820797"
"11138663","787482"
"11138674","988511"
"11141831","819821"
"11143606","3662672"
"11145020","928166"
"11148367","888774"
"11149420","1623501"
"11149695","3195987"
"11151472","1058384"
"11153102","1473758"
"11156463","1674695"
"11158472","2813702"
"11159011","2184471"
"11160872","3415125"
"11161446","4050003"
"11164063","2453348"
"11165784","1748852"
"11166005","1881300"
"11166535","2150382"
"11169935","1591071"
"11175805","1552974"
"11179572","1421409"
"11180017","2499476"
"11182446","2843507"
"11182446","2896977"
"11187638","3863166"
"11187638","3934316"
"11189937","1856356"
"11192163","763507"
"11193120","617839"
"11196231","1076154"
"11197369","3876726"
"11202369","1907717"
"11205355","1588092"
"11219129","2826411"
"11222539","1159952"
"11226149","1644827"
"11228214","1193059"
"11229556","798072"
"11230845","1212382"
"11231104","1080071"
"11231969","1751889"
"11232269","1750287"
"11232951","2426743"
"11233367","1712151"
"11233367","1941024"
"11235521","1572625"
"11239975","1654470"
"11241933","1600925"
"11242093","1945399"
"11243131","801259"
"11246971","2975052"
"11246971","4028170"
"11247400","1728487"
"11247400","788973"
"11248580","3572069"
"11249245","921282"
"11249699","2156761"
"11249699","2942676"
"11249699","3097878"
"11249699","3586939"
"11250154","1736546"
"11252052","1030298"
"11252847","3591585"
"11254803","2332190"
"11255021","630598"
"11255735","2371821"
"11257907","2405670"
"11257907","2823054"
"11259675","838516"
"11260137","938704"
"11260355","2306675"
"11267164","1653135"
"11267164","1776174"
"11268113","908688"
"11271266","1597375"
"11271266","3610827"
"11271289","2501126"
"11272569","1061573"
"11274569","3384675"
"11275257","1539666"
"11279985","1013418"
"11282094","2426738"
"11282605","1679702"
"11283981","1083088"
"11283981","1150894"
"11287025","3602247"
"11287025","3864047"
"11287215","3965657"
"11287215","4031025"
"11288449","2123793"
"11289191","3706335"
"11289191","3822847"
"11289191","3842787"
"11289191","3933093"
"11299529","2410101"
"11300298","1405230"
"11302045","1101095"
"11302045","1675423"
"11302045","1715214"
"11302123","2694268"
"11304944","2843167"
"11305009","3314264"
"11305009","3637930"
"11305910","3484455"
"11307434","1718692"
"11307673","1834170"
"11308978","2292393"
"11309990","874526"
"11310205","1938746"
"11314825","2638590"
"11315257","1792364"
"11315280","1087532"
"11317700","1671250"
"11318592","3421379"
"11318864","1746646"
"11318972","3062136"
"11318972","3284561"
"11318972","3366007"
"11318972","3828174"
"11330132","1142290"
"11331620","848049"
"11331961","3705838"
"11333370","2303175"
"11333403","873033"
"11334084","1763447"
"11335110","2691995"
"11336657","3212008"
"11336657","3278949"
"11337168","3868639"
"11339884","3484278"
"11340126","3376576"
"11340950","1427526"
"11341578","1140823"
"11343297","822592"
"11344055","1013418"
"11344497","1691683"
"11349431","1197897"
"11349787","946302"
"11350979","3000872"
"11350987","1473244"
"11351330","2492954"
"11352158","1665799"
"11352526","1547802"
"11352799","1182717"
"11354570","809857"
"11354957","3139214"
"11355915","2221309"
"11356467","3355101"
"11357327","872682"
"11359945","840605"
"11360642","3640772"
"11361251","1718692"
"11364629","1399196"
"11365750","1648642"
"11365775","2164966"
"11370785","1183918"
"11372083","3601778"
"11372083","3804434"
"11373797","3233949"
"11373797","3903527"
"11376310","2968796"
"11376310","3246866"
"11376310","3305087"
"11377599","1534527"
"11378909","3425242"
"11378909","3524595"
"11378909","3603245"
"11380001","611830"
"11380326","1417392"
"11380326","3831980"
"11381573","2327807"
"11383667","1080832"
"11388247","1776172"
"11388612","1598588"
"11389230","2845167"
"11389230","2896892"
"11389230","3102220"
"11389230","3449196"
"11389382","3465758"
"11389495","2343857"
"11389495","3331438"
"11390963","1050736"
"11392870","1019522"
"11392899","2610761"
"11395079","1026330"
"11395629","2572952"
"11396295","3387177"
"11396295","3869710"
"11397612","919429"
"11401241","3209372"
"11403636","2990984"
"11403636","3167687"
"11403636","3694970"
"11403636","3936119"
"11403774","842146"
"11405186","1726496"
"11413099","719616"
"11413360","3963216"
"11413609","3047250"
"15000789","997166"
"15001493","630621"
"15003540","1747545"
"15004616","2162827"
"15006175","781252"
"15006892","2785346"
"15006892","3446234"
"15006892","3542061"
"15007770","1414003"
"15007770","1870899"
"15008115","987905"
"15008814","1680515"
"15011132","1806422"
"15013903","1895981"
"15015340","1582539"
"15017249","1151832"
"15022062","1074493"
"15023727","3796594"
"15023919","1158005"
"15026010","1060663"
"15026010","1073327"
"15026010","1082033"
"15026010","1117163"
"15026235","3194675"
"15029296","1673481"
"15029978","1399200"
"15029978","855848"
"15032125","3716994"
"15032125","3935859"
"15035446","1491975"
"15035446","2616689"
"15036190","1710892"
"15039764","2843161"
"15039938","1145899"
"15039938","4021041"
"15041850","3858165"
"15042274","3362501"
"15043949","1587340"
"15044905","1203970"
"15044905","1220043"
"15045480","626535"
"15045706","3560323"
"15046259","770126"
"15046345","1783473"
"15046381","1087532"
"15048233","922722"
"15049461","3088631"
"15050249","1560866"
"15051141","2059063"
"15053885","1852449"
"15053927","4048842"
"15054171","1704543"
"15054171","3196080"
"15054171","3449745"
"15055217","2839804"
"15056271","847948"
"15057274","2344603"
"15057864","2791733"
"15057864","2925732"
"15059679","1585672"
"15062797","2891223"
"15063238","2658347"
"15063568","1949872"
"15063568","2535773"
"15063568","2547582"
"15063568","3072033"
"15063568","3513892"
"15063568","3575476"
"15063568","3693725"
"15063568","3782541"
"15063568","3921386"
"15063568","860007"
"15063760","1655924"
"15063760","3326371"
"15063760","763546"
"15066533","2935959"
"15069147","2144198"
"15069147","2209159"
"15069147","3549689"
"15072244","3072941"
"15072244","4006039"
"15080361","1801051"
"15080361","3718110"
"15080361","3887445"
"15080514","2209118"
"15083242","1999367"
"15107156","2973464"
"15107156","3419612"
"15107156","3419767"
"15107156","3798695"
"15119901","1594584"
"15135153","4051513"
"15138872","3299948"
"15138999","1665402"
"15148014","2190150"
"15153511","987905"
"15190184","874131"
"15215036","2125639"
"15275481","1470968"
"15296633","1020830"
"15309771","1600925"
"15377652","2921670"
"15377652","3198544"
"15377652","3667406"
"15458907","845528"
"15468489","822592"
"15468560","1818887"
"15468618","3512348"
"15468618","3724168"
"15468618","3834392"
"15470623","1755183"
"15471043","3233089"
"15471321","1473758"
"15473067","1564713"
"15473067","851356"
"15475255","1829684"
"15475388","851924"
"15475771","1513223"
"15476066","886947"
"15476456","2828775"
"15476636","1868393"
"15476636","2080397"
"15477130","3453929"
"15478225","1064132"
"15480170","1654555"
"15481735","1464455"
"15485644","839401"
"15488749","1074493"
"15488988","1563192"
"15489068","2526176"
"15490175","3795042"
"15491223","1636612"
"15492815","3243674"
"15493109","2718076"
"15493592","1684349"
"15494470","846911"
"15495085","1904892"
"15495385","2513029"
"15496329","1696545"
"15497765","793738"
"15500900","1687428"
"15501154","1941014"
"15503846","2232900"
"15506683","2795640"
"15506892","2886759"
"15507419","865451"
"15508611","2491174"
"15508611","2625543"
"15508611","3547902"
"15514212","3044930"
"15514212","3243773"
"15514212","3244064"
"15514212","3505218"
"15514212","3787875"
"15514212","4046766"
"15515941","2881713"
"15515941","3642500"
"15517542","827031"
"15520081","1200413"
"15520575","1473758"
"15520717","1112599"
"15520863","1523483"
"15521455","3438144"
"15521455","896653"
"15521691","629192"
"15522389","1467159"
"15523714","2346686"
"15523714","3465274"
"15524758","1072078"
"15525119","1651470"
"15525215","938208"
"15526521","800825"
"15527409","1915747"
"15527688","801180"
"15528176","1633052"
"15529559","3176318"
"15529559","3297889"
"15529559","3349836"
"15529559","3487457"
"15529559","3603764"
"15529559","3702877"
"15531580","852745"
"15532089","1449797"
"15534435","2960691"
"15534435","2974607"
"15534435","3459783"
"15534435","3944916"
"15536787","1539735"
"15536924","3115095"
"15550493","3101026"
"15553180","2211796"
"15554281","2284850"
"15555791","1884662"
"15560075","1563851"
"15565959","3042903"
"15565959","3083309"
"15565959","3196194"
"15565959","3240740"
"15565959","3405406"
"15565959","3564915"
"15566597","1182499"
"15567520","1188901"
"15567703","2239336"
"15568059","2226585"
"15569626","2542194"
"15570470","2983315"
"15570470","3085804"
"15570470","3668972"
"15570470","3989818"
"15570551","2258474"
"15571247","1766841"
"15571365","1214879"
"15576468","2423279"
"15577747","1428872"
"15580945","857921"
"15581065","1927737"
"15581065","2167432"
"15585693","2416182"
"15586032","1510163"
"15587130","1743849"
"15587536","842032"
"15588845","2106472"
"15589140","3509734"
"15591371","806513"
"15591536","1441232"
"15591722","1949872"
"15591876","3260894"
"15591977","3054950"
"15591977","3086335"
"15591977","3505607"
"15591977","3585826"
"15592530","2811974"
"15592845","1618549"
"15593532","2728759"
"15593834","886944"
"15594945","3224815"
"15594945","3405160"
"15594945","924127"
"15599744","1551191"
"15601121","3357247"
"15601541","2143624"
"15601920","1653749"
"15602682","3806866"
"15603983","948608"
"15604108","2149008"
"15605886","2996591"
"15605886","3054520"
"15606031","1405230"
"15606357","1083847"
"15608710","2255086"
"15609249","1548394"
"15610235","1097082"
"15610446","959113"
"15610501","1541348"
"15612140","2308840"
"15613582","2833334"
"15613582","2875441"
"15613582","2939484"
"15613582","2939499"
"15613582","3035412"
"15614824","2938088"
"15614824","3079982"
"15614824","3213990"
"15614824","3354394"
"15614824","3356533"
"15614824","3589219"
"15615003","1418731"
"15619556","1666538"
"15623429","2979321"
"15623429","3129774"
"15623429","966656"
"15623640","831200"
"15624418","2325171"
"15626342","2783846"
"15626342","2965933"
"15628645","1970426"
"15629825","2943326"
"15629825","3383682"
"15630011","1049760"
"15630011","821635"
"15630110","1666538"
"15630701","1072082"
"15631025","3547917"
"15631346","3612096"
"15634533","1108932"
"15635529","1473087"
"15635584","1606218"
"15636891","3000872"
"15636892","1532516"
"15637831","1563085"
"15637831","1761267"
"15639219","811177"
"15640264","1079134"
"15640480","996948"
"15641448","3022448"
"15642379","921282"
"15642722","1563192"
"15643717","1728314"
"15644032","1889984"
"15644355","1900681"
"15644453","780572"
"15644618","1759711"
"15645914","1591071"
"15647720","1217646"
"15648713","928683"
"15648818","1433120"
"15649860","2538903"
"15649940","1452829"
"15650934","793738"
"15651953","3799951"
"15653207","2554993"
"15658327","948114"
"15659079","837486"
"15660164","2426809"
"15660226","823199"
"15664296","1427526"
"15664473","2259792"
"15664669","1866791"
"15664779","806985"
"15665261","1871437"
"15665738","3113925"
"15666022","2274652"
"15666022","2975385"
"15666022","767402"
"15667497","1026306"
"15667665","3991348"
"15667910","1715993"
"15668284","1877113"
"15668284","2559787"
"15668284","737248"
"15669274","836559"
"15670461","1551313"
"15670997","3398520"
"15670997","3511975"
"15671228","2245204"
"15671829","1194382"
"15671870","1796766"
"15672516","3052524"
"15672516","3611032"
"15673072","1478036"
"15675391","1751824"
"15675611","900448"
"15675948","1130950"
"15676770","1495403"
"15676908","1500487"
"15677361","1164134"
"15679215","3423561"
"15680391","1130330"
"15681144","813998"
"15682452","2125913"
"15683051","943637"
"15684521","2135749"
"15684521","2899501"
"15684521","2958221"
"15684521","3190751"
"15684521","3257198"
"15684521","3675352"
"15684521","3917015"
"15684521","3917032"
"15684521","4014315"
"15684521","4042903"
"15685495","935348"
"15686730","3018872"
"15687255","935348"
"15687682","2028144"
"15687682","2243338"
"15687788","2169955"
"15687788","2224147"
"15688481","2040784"
"15690131","1654470"
"15690259","2264358"
"15690384","842118"
"15691394","3878085"
"15691523","2252146"
"15693585","3877530"
"15693749","3837598"
"15697238","1433120"
"15698036","1120832"
"15699541","1214778"
"15700375","3426397"
"15700386","3081963"
"15700386","3132304"
"15700386","3381716"
"15700386","3684186"
"15702267","898800"
"15702267","912509"
"15705523","1833515"
"15706950","1004934"
"15707050","2530146"
"15707858","2563481"
"15707858","979139"
"15711872","1126203"
"15712376","1562975"
"15712630","897462"
"15713095","2993189"
"15713161","1889945"
"15713370","787484"
"15713693","1532133"
"15713714","812771"
"15714897","1696392"
"15716173","1551313"
"15717601","2637955"
"15718512","3266161"
"15719209","3752435"
"15719209","3961850"
"15720232","1751120"
"15721694","3449104"
"15722693","2366467"
"15724305","1034280"
"15727590","2090703"
"15730965","3103811"
"15734405","1149192"
"15735981","833192"
"15736348","1087532"
"15737853","1548984"
"15737853","1613751"
"15737853","2080814"
"15738122","2471095"
"15738482","1670287"
"15738482","1701642"
"15739563","1703823"
"15740209","1834170"
"15741426","3044379"
"15741426","3957739"
"15741636","1174638"
"15743571","1034280"
"15743762","730935"
"15743885","629681"
"15745190","2939971"
"15746360","2971365"
"15746360","3399630"
"15746360","3948406"
"15746497","3931942"
"15746497","850743"
"15748375","1723015"
"15748666","2308488"
"15749317","2127963"
"15749711","1606641"
"15749882","1019522"
"15749961","1680515"
"15751976","798072"
"15755993","1427526"
"15756022","4006448"
"15757411","1651027"
"15757833","3127111"
"15757833","3231301"
"15758198","818110"
"15758818","1653135"
"15758818","1776174"
"15759516","839401"
"15761032","972770"
"15761569","2841007"
"15761916","996948"
"15763901","2090703"
"15764007","3552386"
"15767170","2134008"
"15768885","1149192"
"15769055","993276"
"15769460","1563192"
"15771077","2239336"
"15772664","2843172"
"15773072","1452387"
"15775287","2506372"
"15776045","1221680"
"15776045","3086576"
"15776045","3654744"
"15776045","3715700"
"15776045","3874832"
"15776045","3948208"
"15776045","3996275"
"15776045","629082"
"15776045","719860"
"15776642","1551313"
"15777280","775849"
"15777562","3059746"
"15778478","796641"
"15779812","1939739"
"15780061","1701671"
"15780061","3302544"
"15780374","1725911"
"15780659","1514108"
"15780659","1535514"
"15782551","3965520"
"15783938","2250440"
"15783938","3741813"
"15784866","1199159"
"15788531","1587626"
"15789135","1450111"
"15790140","1416631"
"15791235","2105677"
"15792330","1434819"
"15792330","928166"
"15793410","1693752"
"15794674","926834"
"15795273","2617960"
"15795439","1064132"
"15798558","1107744"
"15799398","981677"
"15799398","996948"
"15799542","1122580"
"15800588","1531158"
"15801205","1431238"
"15805311","905326"
"15805853","2970006"
"15806696","2603002"
"15806853","2921370"
"15806853","3232332"
"15807267","873780"
"15807893","2801611"
"15807958","842146"
"15810086","795542"
"15810494","2874742"
"15810494","3398849"
"15810510","2349346"
"15810911","1715214"
"15812378","946156"
"15813321","931249"
"15813378","2113463"
"15814784","891585"
"15816781","1651470"
"15818586","955071"
"15821395","2382300"
"15822838","3566877"
"15822953","1684349"
"15824267","2994248"
"15824267","3074118"
"15824267","3456304"
"15824267","3893360"
"15826243","2150096"
"15826794","1021915"
"15828028","2986755"
"15828148","1661633"
"15829049","1855190"
"15829915","1883021"
"15829915","2146006"
"15830679","1051190"
"15831241","1048339"
"15833173","1786511"
"15834085","997039"
"15835402","1456774"
"15837306","1733600"
"15837857","1693752"
"15838612","1834170"
"15840129","1510157"
"15841047","1233445"
"15843198","3710131"
"15846770","1006173"
"15846770","1933347"
"15846926","2982653"
"15846926","3080181"
"15846926","3578739"
"15846926","3578742"
"15846973","1419711"
"15848725","801630"
"15849450","629360"
"15849994","2196721"
"15851528","804130"
"15853264","1752851"
"15855645","922722"
"15856828","911401"
"15857811","2284850"
"15857811","2798856"
"15859349","2875290"
"15859503","1192389"
"15862063","1027185"
"15862246","1611668"
"15862773","2127963"
"15864527","926834"
"15864664","2079842"
"15865002","2741361"
"15865046","1197089"
"15866455","3269205"
"15868943","3397200"
"15869816","1583228"
"15870644","792291"
"15872144","1552974"
"15872322","1064132"
"15872484","3408089"
"15872835","2103781"
"15873241","1586314"
"15876326","1850226"
"15878529","611960"
"15879972","1682437"
"15881906","1062764"
"15882015","830245"
"15883797","1402954"
"15883797","3431186"
"15883797","3548027"
"15883797","3860220"
"15884880","3302544"
"15885036","3852823"
"15885315","1766033"
"15885614","2506385"
"15886619","928166"
"15888408","828841"
"15889189","922722"
"15889706","1008479"
"15890006","1796306"
"15890617","1586261"
"15890664","1632692"
"15892521","1684349"
"15892534","898463"
"15893865","1893545"
"15896156","1226851"
"15898639","2659669"
"15898945","919429"
"15899013","840605"
"15899245","823084"
"15899909","2105457"
"15900062","1407987"
"15900062","1414308"
"15900632","2090703"
"15902188","2908937"
"15902851","868550"
"15905364","791286"
"15905705","1064132"
"15906436","1600686"
"15906851","3547917"
"15907716","2392377"
"15907876","886233"
"15908834","2102069"
"15909630","2105457"
"15911000","2169404"
"15911460","3608595"
"15911460","3725012"
"15913594","988511"
"15914505","669351"
"15918432","717468"
"15918879","3302250"
"15919811","653735"
"15920465","793738"
"15922554","1569128"
"15923362","1140823"
"15924146","985416"
"15925407","904229"
"15925721","3394125"
"15928409","952628"
"15928718","1019522"
"15928889","1961267"
"15930285","902707"
"15932785","1881970"
"15934607","2385932"
"15934876","943175"
"15936684","630810"
"15936748","1886436"
"15936768","2160585"
"15937070","1760851"
"15941759","1461979"
"15943313","1808286"
"15943429","1478806"
"15943956","1715214"
"15944177","1226425"
"15945127","3665497"
"15946176","948608"
"15947419","1842366"
"15948146","792403"
"15952439","1939739"
"15953353","3101098"
"15957059","1502959"
"15958004","1748852"
"15958847","2516769"
"15959950","2677637"
"15961394","1077142"
"15962665","875467"
"15963919","3140269"
"15964885","803865"
"15964905","3815839"
"15965491","2710582"
"15972726","2811630"
"15973425","1188271"
"15974373","793738"
"15974715","2766071"
"15975202","2886660"
"15976985","2133234"
"15981162","1719093"
"15982682","2790682"
"15982971","2329968"
"15983003","1477913"
"15985952","996948"
"15986117","1030405"
"15987018","1517720"
"15987717","2167343"
"15987748","790189"
"15988603","3449671"
"15988739","1938330"
"15988868","822592"
"15989172","1563192"
"15989172","1679702"
"15991773","1957402"
"15995470","848049"
"15996230","1477913"
"15996331","1682368"
"15996972","631331"
"15997109","1828536"
"15997436","1653151"
"15997810","904777"
"15999067","1547666"
"15999893","3794409"
"15999893","3794491"
"15999893","4052018"
"16000183","1087532"
"16000913","1541348"
"16001101","3580254"
"16001690","1724426"
"16001774","2908661"
"16002597","795334"
"16002597","929630"
"16002781","2344237"
"16002781","983903"
"16003623","3006203"
"16004045","870045"
"16004545","988511"
"16006939","1682368"
"16007862","1140823"
"16008251","806778"
"16009163","823199"
"16009182","1540501"
"16009598","1234871"
"16011264","1776174"
"16014579","2019115"
"16016885","1659976"
"16018201","886233"
"16018234","793738"
"16021434","873712"
"16021664","1433069"
"16021664","913071"
"16021836","934294"
"16022990","2125639"
"16023443","1591071"
"16025592","845097"
"16025908","793738"
"16031804","2228245"
"16031804","2272731"
"16031804","2531692"
"16031804","2640962"
"16031804","3091810"
"16031804","3107373"
"16031804","3167963"
"16031804","3311570"
"16031804","3346969"
"16031804","3565467"
"16031804","3793408"
"16031804","3951873"
"16034008","1179576"
"16034242","1718692"
"16034383","1155135"
"16036620","669172"
"16037843","2911510"
"16040793","3128497"
"16040793","3208658"
"16040793","3262628"
"16042190","1842366"
"16042296","1834170"
"16042448","1731422"
"16044697","2948209"
"16046889","1554084"
"16047556","2211573"
"16050399","1416439"
"16050754","1202002"
"16051341","754583"
"16051341","868550"
"16054235","3919405"
"16054525","1715214"
"16054941","1868202"
"16054941","2064562"
"16055152","1633294"
"16055268","2064562"
"16056428","2890775"
"16056428","3053465"
"16056428","4026452"
"16056523","4030072"
"16056975","846769"
"16057009","2151614"
"16057169","2144211"
"16057169","2430174"
"16057169","2823469"
"16057169","2924094"
"16057169","3268304"
"16057169","3919308"
"16057249","3150707"
"16057529","1060959"
"16057936","2283350"
"16057936","3404638"
"16057936","3707406"
"16057936","4041401"
"16062269","1101126"
"16062328","1102681"
"16062627","3544656"
"16064262","1799682"
"16064262","719616"
"16065902","1152030"
"16066732","1633406"
"16069257","1225426"
"16069515","2113463"
"16070503","1001706"
"16071700","886233"
"16071786","1974452"
"16072463","653532"
"16072904","917093"
"16073667","986298"
"16074167","3973328"
"16074369","1080995"
"16077293","1606218"
"16078562","1786502"
"16079786","1748407"
"16079866","622709"
"16079885","1614077"
"16081474","4034167"
"16081637","1518145"
"16085775","868550"
"16086014","3584062"
"16086764","1900019"
"16086764","3306438"
"16087013","1196302"
"16087677","1510163"
"16088267","1060401"
"16090117","1049788"
"16090754","2509924"
"16091561","1021141"
"16093867","1413996"
"16104960","3421125"
"16105303","1791765"
"16108337","1013418"
"16108929","1581966"
"16110779","1500132"
"16111241","2943792"
"16113386","2215022"
"16113949","2239336"
"16114299","1681131"
"16114299","2955134"
"16114299","3017488"
"16114646","2647045"
"16115559","908688"
"16115611","1597054"
"16115996","630628"
"16117220","847876"
"16117261","1563192"
"16117412","1813722"
"16118640","1900019"
"16119805","2843260"
"16119805","3670687"
"16122048","926743"
"16122967","830169"
"16126927","2287710"
"16128111","1652636"
"16129749","1848192"
"16130384","1461069"
"16130406","930503"
"16132272","3133347"
"16133248","2308389"
"16134516","3635465"
"16135473","1076292"
"16136029","946560"
"16136501","3004380"
"16137263","737580"
"16137375","1140823"
"16137552","3403483"
"16137552","3972201"
"16137552","4007882"
"16138250","1169647"
"16138596","1882779"
"16140061","823199"
"16140196","969997"
"16140687","1666538"
"16140794","994790"
"16142012","996567"
"16142496","1698970"
"16148822","1231906"
"16149577","987905"
"16150111","1140823"
"16150498","1552974"
"16151567","807198"
"16151837","1646548"
"16152441","832869"
"16152554","2896895"
"16152554","3436494"
"16152554","4026452"
"16153732","1907717"
"16154102","1051745"
"16156196","3017969"
"16156330","1090272"
"16156722","1174518"
"16157424","3486006"
"16158185","2082252"
"16160064","1044559"
"16160905","1510163"
"16160905","1736546"
"16166753","2090703"
"16166972","1413996"
"16167391","2517613"
"16167826","1783474"
"16168600","1615316"
"16170160","1129060"
"16170781","1156992"
"16170781","1226208"
"16170781","1540763"
"16171795","1147200"
"16171988","1889483"
"16172054","628216"
"16177688","1216806"
"16178472","2646118"
"16178489","1120832"
"16179176","943847"
"16179443","1494985"
"16180154","2101843"
"16180154","3194002"
"16180154","3194089"
"16180154","3677403"
"16180616","2351212"
"16181647","1816639"
"16184482","831199"
"16185414","887177"
"16186137","946560"
"16186308","827247"
"16189030","1540501"
"16189305","833913"
"16190689","3008974"
"16192832","1026338"
"16193757","2901831"
"16193757","3937035"
"16194584","2817271"
"16194584","3518256"
"16194584","3520806"
"16195109","1077617"
"16197079","1786502"
"16197646","873255"
"16198024","1539119"
"16198469","1405204"
"16199280","2405714"
"16201181","811784"
"16202359","1682368"
"16203079","1491110"
"16203370","1519023"
"16204104","823199"
"16204335","981561"
"16205290","842146"
"16205295","1510163"
"16205384","829405"
"16205792","1709250"
"16207584","857921"
"16208831","1591071"
"16208855","1079256"
"16209186","3108780"
"16210492","1399196"
"16210577","2899575"
"16210577","3313543"
"16210577","3380971"
"16210577","3505697"
"16210577","3538761"
"16218338","930840"
"16218477","2417700"
"16218477","3694365"
"16220705","1772790"
"16222625","3692191"
"16222656","1183358"
"16223443","1106156"
"16223443","1162332"
"16223808","1047998"
"16223808","2227627"
"16228479","1837337"
"16229468","788381"
"16230300","2422142"
"16233782","1666538"
"16235234","1140823"
"16236296","1552974"
"16237459","1668371"
"16238238","1907717"
"16239196","1829828"
"16239268","2405901"
"16239395","2686743"
"16239496","1659976"
"16241158","1017910"
"16241158","1709687"
"16241879","1997272"
"16242592","2384228"
"16243994","1083847"
"16244790","1473758"
"16245853","2090703"
"16246389","793738"
"16247107","1205000"
"16247107","1807886"
"16248074","3821220"
"16248074","3932527"
"16248742","2355984"
"16250755","1795750"
"16252089","2238530"
"16252101","3219948"
"16252401","1599188"
"16252924","1649533"
"16254459","1736546"
"16254915","1596918"
"16256477","3954508"
"16256658","1701815"
"16256658","1906733"
"16256932","2361710"
"16258867","3348811"
"16259470","822592"
"16260236","1596723"
"16260766","926563"
"16261630","1197897"
"16261630","1594584"
"16261837","1013908"
"16262051","1197312"
"16262099","795334"
"16263435","1930654"
"16264095","787484"
"16264139","1748581"
"16264554","984407"
"16264663","3032665"
"16264832","2998336"
"16266435","724319"
"16267783","822592"
"16268453","1012230"
"16271086","3919937"
"16271086","3969206"
"16271252","922722"
"16272026","1659170"
"16272516","2786737"
"16274837","1047640"
"16274894","981561"
"16275462","1083401"
"16275736","3459097"
"16277478","787482"
"16277747","1525947"
"16278782","2344237"
"16281472","1097706"
"16281538","1709250"
"16283437","2425673"
"16284195","1158553"
"16284542","820246"
"16284549","2040792"
"16288499","873780"
"16289673","2737434"
"16291762","2039470"
"16292234","1699090"
"16294116","1019435"
"16295428","3086292"
"16295819","1147200"
"16296125","1649533"
"16300082","3256789"
"16303238","1832812"
"16304217","833942"
"16304234","1510163"
"16304914","3168046"
"16306350","1147200"
"16307721","630598"
"16308356","781849"
"16308458","1936718"
"16309477","1063275"
"16309477","2884047"
"16309577","1560316"
"16310337","1710805"
"16311858","840605"
"16312310","3758702"
"16313188","2083395"
"16313261","1548951"
"16313524","638535"
"16315254","785700"
"16316718","2624313"
"16316748","1563192"
"16317341","630598"
"16319461","3057995"
"16319461","3435667"
"16321668","1836269"
"16321760","2022114"
"16322284","848735"
"16323615","2293331"
"16325050","1093593"
"16326762","982987"
"16326868","1155795"
"16328737","1653700"
"16331029","3831906"
"16331587","1083562"
"16331587","1416631"
"16333280","1588941"
"16333407","3256595"
"16333826","1855954"
"16334840","1561118"
"16335931","1851941"
"16337759","2082252"
"16338115","840075"
"16338390","908688"
"16338463","958092"
"16338705","850190"
"16341690","1140823"
"16341811","1701671"
"16342022","840605"
"16342186","1944902"
"16343345","1126203"
"16344433","2709677"
"16345425","1645260"
"16346296","946560"
"16347338","879670"
"16347574","1915747"
"16347675","3446516"
"16348563","1621296"
"16350925","3292366"
"16351144","1433213"
"16351198","984474"
"16351800","780227"
"16353722","928166"
"16355493","1650400"
"16356718","851356"
"16356825","2384228"
"16357432","853797"
"16357689","1679702"
"16357972","2944521"
"16357972","3427483"
"16357972","3607397"
"16357972","3901286"
"16360784","1176638"
"16361649","3091864"
"16361649","3243791"
"16361649","3400718"
"16361649","3441129"
"16361649","4005644"
"16361649","4054307"
"16361649","770629"
"16362967","2169282"
"16364892","1522406"
"16366167","3218608"
"16366773","3773946"
"16366975","1548951"
"16371823","1561121"
"16372925","1719770"
"16374209","1135321"
"16378713","922336"
"16380263","1140176"
"16380638","1586888"
"16381084","1551313"
"16381179","3257430"
"16381179","3356418"
"16381494","2586802"
"16381494","3007523"
"16381494","3675914"
"16381619","1510163"
"16382626","2866818"
"16382626","3575443"
"16384508","1694122"
"16384848","653618"
"16388832","1562975"
"16391538","2657200"
"16391538","845537"
"16393602","630598"
"16394271","1804995"
"16394271","1971583"
"16394314","630628"
"16394513","1661633"
"16395064","1804995"
"16397338","1416631"
"16397338","847422"
"16397833","1160290"
"16400729","3252020"
"16400878","1183358"
"16402848","3345295"
"16405650","2113444"
"16409430","1085277"
"16410426","3537611"
"16410426","3542209"
"16412242","800112"
"16412312","1531158"
"16417607","3961776"
"16423243","823199"
"16427413","1980864"
"16429671","1639900"
"16432023","3951655"
"16434791","1486341"
"16438781","836675"
"16439207","2307470"
"16469185","1215283"
"16475684","886307"
"16481451","3965126"
"16486788","994790"
"16488562","1163497"
"16491896","1584840"
"16491896","1793696"
"16491896","2153784"
"16498286","630628"
"16502923","1193676"
"16502923","845876"
"16504376","2410638"
"16504475","1401543"
"16528970","1419686"
"16535180","3450238"
"16545142","3077015"
"16545142","3249282"
"16545142","4056198"
"16546819","848936"
"16546819","872100"
"16548005","1115669"
"16549727","2515998"
"16550646","2082252"
"16551077","986546"
"16551172","1052809"
"16551426","1552974"
"16551920","1077617"
"16552001","1583094"
"16552353","1881970"
"16552679","1461069"
"16555498","2268232"
"16557432","776113"
"16557432","926563"
"16557919","2075312"
"16558851","1728129"
"16559584","1087908"
"16559685","1030898"
"16560758","3232041"
"16563452","3573070"
"16563452","3896323"
"16564942","2238530"
"16565179","924366"
"16567336","1212382"
"16569467","938183"
"16572402","992056"
"16573198","1413996"
"16573614","1694039"
"16573865","1552122"
"16573865","3518845"
"16573865","3764594"
"16573865","4007755"
"16575337","1679702"
"16575787","622709"
"16575854","1606206"
"16575951","1049788"
"16576269","1931972"
"16577047","1017908"
"16579973","2952472"
"16579973","3092044"
"16579973","915532"
"16581378","1604265"
"16581378","1676858"
"16581378","1785895"
"16583779","3910906"
"16584359","1008324"
"16585430","1871188"
"16585812","2384228"
"16586647","1935629"
"16586830","3547917"
"16588143","1557161"
"16589790","848457"
"16590468","1093535"
"16591122","1634961"
"16592726","1185258"
"16593451","2619060"
"16594683","1682368"
"16595182","3120983"
"16595182","3301382"
"16595182","3326967"
"16595182","3490102"
"16595182","3505101"
"16595182","3824386"
"16595182","3989490"
"16596602","933764"
"16598585","1847605"
"16598804","635705"
"16600123","2996115"
"16600146","2489888"
"16600192","1140823"
"16603397","1005321"
"16604243","1050240"
"16604629","1147200"
"16606493","2527735"
"16607523","1185087"
"16607523","1654470"
"16608154","1140823"
"16610675","3206505"
"16610675","3894415"
"16613410","1140823"
"16613410","908688"
"16613560","1758605"
"16613598","981561"
"16614441","4012790"
"16614567","1496772"
"16614567","1881970"
"16615360","753566"
"16615384","831495"
"16615500","1151832"
"16615829","2039470"
"16616653","2296997"
"16617137","1819443"
"16618952","2093574"
"16621524","938183"
"16622343","1583823"
"16622883","1191387"
"16623368","3781045"
"16623619","2660482"
"16623759","977159"
"16623875","840991"
"16624632","1594220"
"16624998","2405670"
"16625496","933806"
"16626695","2569064"
"16626754","2094893"
"16627299","1804995"
"16628005","3397051"
"16628379","1582863"
"16628406","1113402"
"16630031","1500358"
"16630031","1643322"
"16631610","850190"
"16633881","874131"
"16634280","926715"
"16634614","1191338"
"16634614","620473"
"16635520","1129182"
"16635520","1645532"
"16635520","3549913"
"16636348","3463764"
"16637411","3173819"
"16637459","1974411"
"16637698","766236"
"16638218","2426097"
"16639050","1049788"
"16644911","1020714"
"16646370","815740"
"16647941","2329059"
"16648597","855674"
"16649073","2067627"
"16649454","753197"
"16650983","851382"
"16651334","795045"
"16651573","3952804"
"16652671","632829"
"16652689","930503"
"16654406","925182"
"16654616","861998"
"16655090","988511"
"16657994","3115392"
"16657994","3115897"
"16657994","3296387"
"16657994","3720815"
"16658970","3211941"
"16659365","1196930"
"16659842","840075"
"16665208","1463007"
"16668294","1431238"
"16673517","826518"
"16674366","1134809"
"16675384","1752851"
"16676011","894239"
"16676851","1834170"
"16677701","2783758"
"16677701","3180263"
"16678268","1729675"
"16680753","790322"
"16681074","3505674"
"16681074","3742373"
"16681074","3789387"
"16682119","1563192"
"16682558","3345495"
"16683436","852809"
"16684012","1194382"
"16684428","1048574"
"16687291","898463"
"16690545","1190137"
"16690827","813084"
"16692006","1420380"
"16693687","2057128"
"16693952","822361"
"16694104","1418485"
"16694909","1531368"
"16695172","1561547"
"16695172","800248"
"16695172","851570"
"16695267","2767317"
"16696322","1586564"
"16697805","1586314"
"16699283","638027"
"16700244","764396"
"16700474","3445544"
"16700511","987905"
"16701219","1171779"
"16702178","1972275"
"16702254","1765121"
"16702351","1468338"
"16702379","861998"
"16702748","2111290"
"16703151","3951910"
"16703250","3690486"
"16704126","1104063"
"16704346","2344237"
"16705304","1001706"
"16705304","1019435"
"16705550","1502959"
"16706488","3755732"
"16708615","2708263"
"16709232","2547368"
"16709517","823199"
"16709560","1112344"
"16709667","887805"
"16709685","1682437"
"16709955","1460436"
"16710335","2212780"
"16710612","1539119"
"16710612","3491734"
"16711349","805201"
"16711583","1564713"
"16712187","1715214"
"16712944","793738"
"16714145","1131606"
"16714486","827031"
"16714787","2920825"
"16715033","617347"
"16715151","908042"
"16715192","2308352"
"16716734","1614138"
"16717162","643855"
"16717709","1105262"
"16718034","2424699"
"16719795","1112344"
"16720863","1756885"
"16721008","1004592"
"16721471","629360"
"16721920","1728129"
"16722118","793738"
"16722237","1408910"
"16722461","970765"
"16722976","1420173"
"16724399","1680015"
"16725850","1649550"
"16726004","627120"
"16726350","1808286"
"16726371","1079971"
"16726730","2082252"
"16727510","1641270"
"16728328","3907601"
"16728493","1510163"
"16728722","848457"
"16728845","618271"
"16729780","1694729"
"16729780","819348"
"16730437","1683767"
"16730765","1230138"
"16730765","1614683"
"16730773","1586261"
"16730773","1625034"
"16731373","868191"
"16731952","2087514"
"16733144","835174"
"16733319","1650400"
"16733863","2823931"
"16733863","2848812"
"16734015","1422705"
"16734755","946560"
"16738870","630598"
"16739335","2965187"
"16739574","3628466"
"16739574","3723116"
"16739574","3901051"
"16739639","630598"
"16741240","1915747"
"16742603","2280060"
"16742768","1135321"
"16743923","1610027"
"16745184","1680515"
"16746351","1651705"
"16746960","830288"
"16748487","3449778"
"16750557","1687564"
"16750927","781413"
"16751088","1723262"
"16751757","1678158"
"16753145","1222441"
"16759783","1422435"
"16760124","1083847"
"16761482","1423818"
"16761504","1583935"
"16761545","1194382"
"16763677","1452150"
"16763943","630598"
"16764022","1510163"
"16764471","772364"
"16764640","2453348"
"16765052","2127963"
"16765520","3067183"
"16765948","831819"
"16766358","1461291"
"16766358","2989715"
"16766358","3682702"
"16766897","3040463"
"16766938","1173966"
"16767270","1461979"
"16767659","3370340"
"16768245","2514773"
"16768978","1736295"
"16768978","2603817"
"16769203","2237905"
"16769561","766258"
"16770109","1214879"
"16770465","1680515"
"16771038","1844771"
"16773363","1957277"
"16774192","3845527"
"16774772","3562745"
"16774772","3899399"
"16775225","912698"
"16776930","884076"
"16777295","3319090"
"16777600","1953077"
"16777800","2580118"
"16779358","1634652"
"16779678","3231829"
"16779774","1427526"
"16780028","1786511"
"16780028","1891908"
"16780028","3082130"
"16780028","3303821"
"16780028","3450696"
"16780028","3490009"
"16780028","3504891"
"16780887","2475502"
"16782101","2010573"
"16782717","1907986"
"16784715","1711594"
"16784852","1198323"
"16785721","853306"
"16786029","1941638"
"16786919","840605"
"16786967","1588915"
"16787946","1087874"
"16791798","841876"
"16795867","2206224"
"16796864","1793787"
"16797660","1460436"
"16797690","1710805"
"16798449","946560"
"16798909","1977096"
"16799636","1026338"
"16799749","3406156"
"16801050","2232481"
"16801050","3510078"
"16801050","3544589"
"16801050","3583945"
"16801050","3865563"
"16801092","1416194"
"16801092","1420568"
"16801092","1548417"
"16801092","1694017"
"16801092","3303897"
"16801092","3370140"
"16801092","3582104"
"16801092","3623478"
"16801092","3725256"
"16801092","3812102"
"16801092","3815139"
"16801092","3844998"
"16801112","3353264"
"16801112","3473941"
"16801112","3548172"
"16801112","3790242"
"16801112","3828186"
"16801112","3838904"
"16802051","979215"
"16802557","2887429"
"16802638","1122482"
"16802990","963089"
"16804122","3510576"
"16804528","1774551"
"16804717","2538903"
"16806729","1808286"
"16806729","1815403"
"16807030","816442"
"16807857","2242821"
"16807857","2554158"
"16809960","1699049"
"16809960","748923"
"16812299","872638"
"16812403","635417"
"16813981","1518147"
"16814677","3934932"
"16816010","1755977"
"16816010","2215270"
"16816010","2279174"
"16816010","2317286"
"16816125","1013418"
"16817124","1902777"
"16817389","3029324"
"16817389","3242384"
"16817389","3397668"
"16817965","1694122"
"16820259","1409750"
"16824637","801259"
"16824667","1592133"
"16825216","2620578"
"16827297","2427545"
"16827298","2979110"
"16831347","1152030"
"16831347","2149363"
"16832952","928166"
"16833432","838866"
"16833432","981561"
"16837286","2129819"
"16838524","1721068"
"16838748","1233216"
"16838777","824587"
"16841580","1766832"
"16842639","1608610"
"16842868","2584541"
"16844177","1764427"
"16844803","3898550"
"16845270","1591728"
"16845270","3554272"
"16845422","1110248"
"16845571","1085671"
"16845571","947006"
"16845985","765842"
"16846238","2568433"
"16848096","1638536"
"16848383","3777889"
"16850831","2840617"
"16850831","2924497"
"16850831","2945348"
"16850831","2945956"
"16850831","3080375"
"16851352","3064222"
"16851352","3583591"
"16852701","908120"
"16853238","2425673"
"16854969","1724559"
"16855376","1088486"
"16857424","2503517"
"16857849","3178989"
"16857849","3197296"
"16861844","3694626"
"16861844","3698893"
"16864261","2065037"
"16864261","2083146"
"16864261","857164"
"16864261","933969"
"16864353","914204"
"16865030","1409891"
"16867592","1682368"
"16868654","1732768"
"16870852","730777"
"16871662","743574"
"16871662","840075"
"16872162","807198"
"16873910","1893346"
"16874167","1586314"
"16874762","804056"
"16875094","767063"
"16875217","830956"
"16875491","1416631"
"16875491","3547917"
"16875829","1961267"
"16875891","760835"
"16877141","1647397"
"16877669","1640373"
"16877669","2345678"
"16878467","2843093"
"16878467","3273376"
"16878467","3541261"
"16879667","2397592"
"16881614","3079861"
"16881614","3363878"
"16881614","3680833"
"16881614","3803775"
"16881614","3934058"
"16881614","3951939"
"16884216","1783474"
"16884384","836894"
"16884646","630598"
"16885614","3105547"
"16885614","3584475"
"16885614","3738762"
"16885614","3970864"
"16885614","4010567"
"16885838","849091"
"16886236","839417"
"16886436","2461927"
"16886441","3566945"
"16886682","1846989"
"16887313","2441659"
"16889480","1154575"
"16889627","830831"
"16889695","1183358"
"16889717","860638"
"16889777","2413827"
"16889777","2448793"
"16890279","612432"
"16890383","1410891"
"16890612","2126688"
"16890784","3299463"
"16890784","801348"
"16890784","816224"
"16890901","2113463"
"16891724","3026359"
"16891724","3863421"
"16891724","3939319"
"16892208","796641"
"16892317","3394003"
"16892879","1194215"
"16893268","848286"
"16893268","861585"
"16893268","964307"
"16893701","955071"
"16894643","879670"
"16895219","972086"
"16896918","2975893"
"16897407","1594584"
"16897407","1686580"
"16897959","3345954"
"16898036","1056726"
"16899090","2039470"
"16899493","3604944"
"16899493","811759"
"16900034","1540264"
"16900181","1705236"
"16900228","622709"
"16901206","1427526"
"16901501","1080995"
"16903847","1723031"
"16904255","3878751"
"16905027","981677"
"16905436","822361"
"16905620","1938330"
"16906350","793738"
"16906833","2725158"
"16906907","1187381"
"16906907","1647873"
"16906907","3514607"
"16906907","3740123"
"16908685","2932482"
"16909354","1702693"
"16909523","909597"
"16910289","2514548"
"16910443","1513223"
"16911005","1034280"
"16911005","955071"
"16912112","2989865"
"16912865","1776174"
"16913223","3712636"
"16914236","1638536"
"16914521","1541615"
"16915066","921282"
"16915288","2692289"
"16916120","1967681"
"16916793","1202002"
"16916793","1773851"
"16917267","1588941"
"16917268","2575416"
"16917653","793738"
"16917982","909560"
"16918345","2909822"
"16918688","1740686"
"16918688","3360491"
"16918776","2334858"
"16919146","1983164"
"16919146","852117"
"16919501","2340307"
"16919501","2847377"
"16919501","3361727"
"16919501","3788495"
"16920397","3133967"
"16922064","958092"
"16923984","928683"
"16924158","2793575"
"16924158","2920525"
"16924158","3346342"
"16924664","908583"
"16927140","1536145"
"16928393","3330776"
"16928393","3453946"
"16928579","849598"
"16929183","1728129"
"16929378","2634149"
"16933128","1642182"
"16937992","836804"
"16938024","2162827"
"16939264","824587"
"16939418","3464295"
"16940654","868550"
"16941072","1010058"
"16945252","1082241"
"16945501","2230509"
"16947347","799771"
"16948836","818084"
"16948851","946560"
"16949404","3446516"
"16949697","634522"
"16949701","917093"
"16950201","806418"
"16952033","805474"
"16952182","814727"
"16952356","2152861"
"16952356","3128671"
"16952508","3359804"
"16952508","785700"
"16952521","1499105"
"16952521","1959481"
"16953041","1642389"
"16954224","1097706"
"16955549","796641"
"16957072","2102069"
"16963061","1651470"
"16964343","913591"
"16967605","963089"
"16968316","1550798"
"16969684","2113463"
"16969999","1723015"
"16970115","1651798"
"16970427","903145"
"16970814","1059528"
"16970870","1653151"
"16971119","1004934"
"16971554","1583230"
"16972680","1756361"
"16973173","4000240"
"16973173","913916"
"16973587","1594155"
"16973659","787482"
"16973720","1138667"
"16974030","891524"
"16974665","1036066"
"16974671","776484"
"16975567","2650493"
"16975572","3937864"
"16975748","795137"
"16976319","1001229"
"16976728","1422367"
"16976996","848133"
"16977842","1666538"
"16978779","822592"
"16980779","1231906"
"16981190","1456682"
"16981678","1426611"
"16981797","955071"
"16981889","2943142"
"16981889","3023120"
"16981889","3060893"
"16981889","3099138"
"16981889","3176210"
"16981889","3345906"
"16981889","3464488"
"16981889","3640892"
"16981889","3879614"
"16981889","3898050"
"16981916","769439"
"16982516","796641"
"16983495","886233"
"16983577","1669478"
"16983950","796641"
"16984489","1855190"
"16984836","2245163"
"16985234","2899675"
"16985234","3160445"
"16985863","2425673"
"16986549","2102069"
"16988029","2723925"
"16988261","1457852"
"16988565","1182717"
"16989447","1915747"
"16990111","2133170"
"16990635","1745450"
"16990635","3998269"
"16990693","1736546"
"16990710","2833598"
"16992153","824587"
"16992539","1214879"
"16992720","2609959"
"16994020","3324664"
"16995231","1563192"
"16995568","1974992"
"16996525","840605"
"16996581","938120"
"16996774","997039"
"16997530","3312066"
"16998317","3307566"
"16998317","3496002"
"16998317","3838110"
"16998332","955939"
"16998431","2379846"
"16998630","1779438"
"16999995","1407082"
"17000279","1736546"
"17000483","1422435"
"17000659","842146"
"17000797","1019522"
"17000819","1104664"
"17000839","3173819"
"17001223","1834170"
"17001423","1724426"
"17001481","1217152"
"17003125","852073"
"17003345","3422285"
"17003345","3642287"
"17003692","722748"
"17004306","633520"
"17004413","3446516"
"17004939","822592"
"17005023","981561"
"17005178","1798245"
"17005298","1409881"
"17005700","631935"
"17006043","848457"
"17006068","817319"
"17006371","886233"
"17006631","1194382"
"17007229","1143927"
"17007472","794743"
"17007620","1140823"
"17007642","747073"
"17008027","665024"
"17008109","653735"
"17008246","946560"
"17009117","634098"
"17010011","824587"
"17010015","793738"
"17010485","1445959"
"17010486","653799"
"17010628","3916145"
"17011197","1978714"
"17011384","838348"
"17011555","1648551"
"17011555","1807691"
"17011555","2708041"
"17011619","811387"
"17012143","793738"
"17012706","2082252"
"17012710","849023"
"17012710","989608"
"17012745","1715214"
"17013567","769400"
"17014223","842146"
"17014511","1216806"
"17014568","3780315"
"17014605","1984814"
"17014643","611989"
"17014912","1563192"
"17015192","1881609"
"17015392","793738"
"17015955","1700181"
"17016073","1135820"
"17016073","2838829"
"17016073","2934994"
"17016073","2940438"
"17016073","3102305"
"17016073","3182512"
"17016073","3427957"
"17016144","1915747"
"17016144","3518401"
"17016289","2537652"
"17016719","1167031"
"17017100","1424265"
"17017171","2648935"
"17017328","630628"
"17017543","3087767"
"17017543","3226306"
"17017543","3253317"
"17017795","1679702"
"17018202","908688"
"17019251","909146"
"17019790","1900681"
"17019790","2170590"
"17022007","747073"
"17022666","793738"
"17022763","1427526"
"17023018","842146"
"17023484","1002808"
"17025243","792291"
"17027601","1588941"
"17028543","3372954"
"17030610","998505"
"17030699","1679702"
"17031124","1140823"
"17031161","2125639"
"17031696","2255067"
"17031717","2637661"
"17033343","805346"
"17033843","1668727"
"17035393","960739"
"17035946","794743"
"17037705","1627218"
"17037852","897649"
"17038996","1029862"
"17039433","1666538"
"17040363","636285"
"17040708","848182"
"17041135","628699"
"17041895","824528"
"17042065","1183358"
"17042544","1728129"
"17043687","801630"
"17044029","906904"
"17046221","2102069"
"17046918","611927"
"17047563","2795459"
"17048742","814727"
"17048827","2113463"
"17049688","1788658"
"17049742","1868559"
"17049860","2885956"
"17049860","2907193"
"17049860","3232955"
"17049860","3608420"
"17049860","3920236"
"17049860","3921344"
"17049860","4029035"
"17049940","1818337"
"17050504","2367910"
"17050764","630615"
"17051069","907187"
"17051219","2643961"
"17051403","907187"
"17051730","1808084"
"17051864","3074495"
"17051864","3251030"
"17055291","1435935"
"17056412","1182490"
"17056540","2399670"
"17057283","630615"
"17058056","3291439"
"17061296","1174037"
"17062001","1815403"
"17063058","1132030"
"17065000","640697"
"17066133","2082252"
"17067500","2182938"
"17067646","1967848"
"17067646","3861253"
"17067694","871701"
"17068129","1140823"
"17069078","1409881"
"17069547","1531719"
"17069617","615536"
"17070193","865451"
"17070298","1413996"
"17072505","2101124"
"17072550","638762"
"17074457","1153537"
"17074767","804056"
"17075182","2366961"
"17076398","1427526"
"17076977","2354117"
"17078679","2885346"
"17079519","2846414"
"17080597","2239336"
"17081429","1602809"
"17081728","3318235"
"17081891","1001706"
"17082127","840605"
"17082662","946156"
"17082838","629649"
"17083563","614358"
"17086121","926563"
"17086878","1609569"
"17088502","872320"
"17089714","912698"
"17091215","766258"
"17091977","1135321"
"17092269","908688"
"17093203","1433643"
"17093206","792100"
"17094937","2807353"
"17095963","1510163"
"17095999","2112498"
"17095999","2362929"
"17095999","2813831"
"17095999","3052268"
"17096408","3484010"
"17097826","1807174"
"17099035","3306438"
"17099148","2387527"
"17099832","767063"
"17102394","852272"
"17102418","641714"
"17102418","641717"
"17102500","630630"
"17102645","2990343"
"17103953","4039774"
"17106894","1698970"
"17107979","2527726"
"17108885","2646501"
"17109498","2060391"
"17109798","3744225"
"17110861","3347658"
"17110861","3466749"
"17110877","1061299"
"17110987","1083562"
"17111509","1082241"
"17111644","1781589"
"17111839","1712151"
"17111919","1058384"
"17112147","2126659"
"17112472","1418485"
"17112522","807259"
"17112721","3618756"
"17114843","1748852"
"17117000","2821611"
"17117329","2207192"
"17117785","630620"
"17118023","877699"
"17118709","2090703"
"17118967","1443714"
"17118967","1476858"
"17120205","2537328"
"17121221","872638"
"17123530","3427820"
"17123530","622667"
"17127213","3950138"
"17128137","1633052"
"17128726","3795086"
"17128790","3197926"
"17128790","3289922"
"17128790","3564303"
"17131063","822592"
"17131692","615287"
"17132083","792448"
"17132204","953819"
"17132697","1064132"
"17132917","625366"
"17136930","984474"
"17137905","1036745"
"17138736","1585504"
"17139034","1527360"
"17139905","1478014"
"17140167","872755"
"17141611","650929"
"17144213","954913"
"17144256","886986"
"17145227","1703823"
"17146265","2556369"
"17146417","3446516"
"17146417","873780"
"17147639","1112572"
"17148194","1658661"
"17149023","3809208"
"17149999","1931400"
"17150702","2317074"
"17151599","3312621"
"17151599","3370981"
"17151599","3399316"
"17152757","3581277"
"17153882","2910498"
"17157091","3214505"
"17157220","3326137"
"17159558","2736525"
"17159686","1063947"
"17159770","873033"
"17161440","1064132"
"17162056","801348"
"17164507","1062943"
"17164798","767458"
"17165040","1153537"
"17165272","730010"
"17165519","634098"
"17167221","1460436"
"17169385","1519889"
"17171442","1791765"
"17171442","2148324"
"17172631","1835369"
"17172923","3160925"
"17172923","3918744"
"17172923","3943156"
"17179956","943878"
"17180807","771307"
"17183889","1842366"
"17184267","1213545"
"17189322","818161"
"17193548","1952661"
"17195471","634098"
"17195601","1087908"
"17201002","822515"
"17201141","872415"
"17201169","3929360"
"17201689","2485161"
"17201689","3195259"
"17201689","3383009"
"17201689","3891848"
"17201689","4045753"
"17201771","3570449"
"17201771","3661234"
"17201771","3921540"
"17202313","1460626"
"17202393","2648753"
"17203463","1938330"
"17203632","1886436"
"17210671","809255"
"17211005","1931256"
"17211005","3966588"
"17218236","987905"
"17222137","2113463"
"17224944","1647846"
"17238537","1034280"
"17241831","633574"
"17242170","624944"
"17243522","634098"
"17243992","766258"
"17245235","1189137"
"17245235","1677452"
"17246028","1120832"
"17246460","1132030"
