"10000154","1009958"
"10000154","1733922"
"10000218","2690201"
"10000376","1081655"
"10000376","890145"
"10000622","2637462"
"10000622","618920"
"10000646","2919722"
"10000815","3154427"
"10000903","1589372"
"10001593","1725138"
"10001642","2802199"
"10001642","3170703"
"10001642","3180892"
"10001642","628600"
"10001642","745078"
"10002166","860638"
"10002246","821791"
"10002487","2115061"
"10002745","1090975"
"10003266","1839509"
"10003402","1140823"
"10003483","2394843"
"10004623","3296701"
"10004833","1889422"
"10005012","2513762"
"10005147","839417"
"10005147","903165"
"10005147","917050"
"10005498","1622773"
"10005776","2059715"
"10005776","2102069"
"10005821","851382"
"10005866","627210"
"10005970","3053667"
"10006202","978152"
"10006305","1026338"
"10006571","928166"
"10006669","1079971"
"10006865","3459441"
"10006915","1793787"
"10006937","1023350"
"10007087","780965"
"10007193","1038453"
"10007670","1774440"
"10007862","3222089"
"10007862","854698"
"10007862","882668"
"10007918","1453712"
"10008939","718339"
"10009002","3619959"
"10009835","983903"
"10009956","1679702"
"10009968","3214884"
"10010987","767112"
"10011200","1876436"
"10011231","1552974"
"10011231","1627777"
"10011231","1873572"
"10011231","1883133"
"10011524","2146038"
"10011691","2046599"
"10011691","2909242"
"10011731","2041175"
"10012677","3307087"
"10013101","2138672"
"10013261","1615687"
"10013926","2577019"
"10014443","1473244"
"10014594","1852325"
"10015022","1474260"
"10015595","1872548"
"10015595","2136208"
"10015788","2642971"
"10015788","2947173"
"10015788","3286373"
"10015788","3611032"
"10015788","3812197"
"10015802","3196149"
"10015802","3241077"
"10015802","830245"
"10016369","1654470"
"10016613","1108015"
"10016645","2902689"
"10016645","3484930"
"10016767","2289812"
"10017196","1718692"
"10017201","3187487"
"10017254","1013214"
"10017254","1160809"
"10017935","2646473"
"10018589","1680515"
"10018859","2548314"
"10019123","851292"
"10019123","904245"
"10019978","1045633"
"10020243","3279962"
"10020421","800148"
"10020610","1540264"
"10020802","3108078"
"10021022","3843613"
"10021092","3394125"
"10021145","2023425"
"10021145","2834680"
"10021317","1686469"
"10021735","2150096"
"10021771","3696568"
"10022399","2158382"
"10022477","2388730"
"10022483","3387522"
"10022483","3568913"
"10022483","3637890"
"10022993","1409891"
"10023014","1839334"
"10023054","2657192"
"10023104","2794517"
"10023231","1682437"
"10023231","1759711"
"10023391","1758623"
"10023391","3774082"
"10023391","828682"
"10023421","1538323"
"10023421","1578701"
"10023421","1747957"
"10023421","1800362"
"10023421","1964729"
"10023841","1561547"
"10023841","1980864"
"10024146","2026573"
"10024146","2323096"
"10024146","2802163"
"10024146","3609118"
"10024267","1179555"
"10024431","2577599"
"10024543","1004592"
"10024940","1901255"
"10025032","999326"
"10025839","3092529"
"10025839","3613272"
"10026473","2127634"
"10026851","1532133"
"10027231","1078821"
"10027499","1148211"
"10028050","766822"
"10028072","1119609"
"10028072","879670"
"10029065","3153767"
"10029258","1194200"
"10029445","1766033"
"10029445","2952016"
"10029608","2014774"
"10029698","833268"
"10029753","1540501"
"10029822","2552823"
"10029822","2681875"
"10029890","1641003"
"10030275","1876388"
"10030878","1684349"
"10030905","2843417"
"10031211","928683"
"10031212","1031503"
"10031212","792608"
"10031212","963549"
"10031212","975870"
"10031665","2082252"
"10031716","2014774"
"10031778","1712151"
"10031935","825847"
"10032094","1908497"
"10032094","1962773"
"10032094","2606098"
"10032254","3814954"
"10032579","1661633"
"10033216","1444291"
"10033288","2796569"
"10033638","1097400"
"10033994","1428872"
"10034320","1134809"
"10034321","1452150"
"10034578","1183358"
"10034636","1654470"
"10034636","3602997"
"10034757","1680515"
"10035902","793738"
"10036294","1475204"
"10036642","2509924"
"10036772","1034280"
"10036772","1452829"
"10037004","1973172"
"10037013","852397"
"10037158","1081655"
"10037172","1834710"
"10037193","1199652"
"10037193","1229154"
"10037291","2580572"
"10038647","998505"
"10038884","1083521"
"10038970","2985340"
"10038978","2331668"
"10038978","2855126"
"10038978","2903164"
"10039066","1214778"
"10039274","1065058"
"10039274","982310"
"10039296","1057228"
"10039331","1843713"
"10039331","1868490"
"10039331","1925481"
"10039446","1755268"
"10039468","1512027"
"10039546","2957162"
"10039817","1755221"
"10039817","1801821"
"10039817","1875608"
"10039817","2155795"
"10039818","808153"
"10040842","1732313"
"10040853","1171779"
"10040853","1686303"
"10041680","957349"
"10041732","1179082"
"10042408","1413996"
"10042718","2229732"
"10043087","1222441"
"10043173","1418485"
"10043173","2742652"
"10043174","3759895"
"10043191","2048818"
"10043191","2296997"
"10043203","1941373"
"10043203","849624"
"10043750","2278098"
"10044037","1852224"
"10044037","1950214"
"10044041","1595571"
"10044041","1847700"
"10044075","1819443"
"10044272","1691185"
"10045408","2097469"
"10045437","1628206"
"10045438","3126975"
"10045438","3261662"
"10045524","1054040"
"10045777","1081163"
"10046050","1652636"
"10046070","1673066"
"10046260","1727739"
"10046260","2295954"
"10046333","875257"
"10046706","1132676"
"10046974","1660222"
"10047098","2105457"
"10047415","2067582"
"10047712","1938330"
"10048247","1728129"
"10048247","1868202"
"10048465","1202556"
"10048465","1512658"
"10048465","1793554"
"10048465","848422"
"10048876","811759"
"10048876","917050"
"10049489","2064562"
"10049489","2522763"
"10049506","1776174"
"10049506","1813679"
"10049506","2127963"
"10050300","1032545"
"10050590","1093953"
"10050600","2437820"
"10050673","3387338"
"10051276","1650400"
"10051975","745842"
"10052798","1736546"
"10052843","1931368"
"10052843","861998"
"10053015","1786511"
"10053068","1159455"
"10053285","1513759"
"10053759","1785895"
"10053887","1051190"
"10054262","3433039"
"10054262","4057083"
"10054372","3188102"
"10054602","2782256"
"10054685","1653135"
"10055108","1019522"
"10055856","1586314"
"10055856","1723015"
"10056110","1435944"
"10056391","1654470"
"10056629","3213950"
"10056857","971716"
"10057813","1591291"
"10057988","2827684"
"10058180","1084008"
"10058448","858570"
"10059323","2682146"
"10059353","808976"
"10059671","1628970"
"10059714","1639254"
"10059816","3547917"
"10059996","1654470"
"10060069","2086962"
"10060118","1552325"
"10060184","1416631"
"10060643","3522643"
"10060643","3541749"
"10060742","1415067"
"10060847","2891266"
"10061002","1185115"
"10061002","994206"
"10061342","3234769"
"10061670","917093"
"10062378","2325469"
"10062378","2539770"
"10062378","2821577"
"10062378","3219907"
"10062450","908688"
"10062582","1736546"
"10062594","2080814"
"10062966","1624326"
"10064513","1816639"
"10064647","1032987"
"10064923","1044687"
"10064923","2227375"
"10064923","3327792"
"10064923","3551653"
"10065176","1469526"
"10065310","1399196"
"10065310","3876726"
"10065448","1653252"
"10066861","2309637"
"10066890","1843934"
"10067398","1082241"
"10067479","2633516"
"10067479","3314542"
"10067479","764597"
"10067572","3514279"
"10067753","2206496"
"10068260","3802960"
"10068497","2879605"
"10068497","3542363"
"10068763","824587"
"10068774","1030405"
"10068774","2015357"
"10068907","1212238"
"10069016","1633052"
"10069096","3367937"
"10069341","1969800"
"10069797","1586314"
"10069797","1932698"
"10069800","1176834"
"10069800","1855510"
"10069800","1954106"
"10069854","1490767"
"10070358","726683"
"10070536","1802529"
"10070536","2843167"
"10070658","1448144"
"10070658","1748472"
"10070658","1752932"
"10070658","1893545"
"10070658","1931972"
"10070658","1965133"
"10070658","2389467"
"10070658","2642166"
"10070658","3010536"
"10070658","3555352"
"10070810","4059530"
"10070905","1202002"
"10070998","2420199"
"10070998","2958440"
"10070998","3033116"
"10070998","3034649"
"10070998","3846779"
"10071137","1711594"
"10071137","2104807"
"10072381","2452370"
"10072381","3076119"
"10072488","1225339"
"10072533","1675423"
"10072707","1556227"
"10072994","2110678"
"10073057","2333424"
"10073492","2605114"
"10073772","1138933"
"10073929","2850137"
"10074058","1573225"
"10074058","3983840"
"10074058","4028846"
"10074129","3140152"
"10074456","953873"
"10074458","3295284"
"10074520","951910"
"10074567","1680515"
"10074686","1944510"
"10074736","1527086"
"10074751","1646964"
"10074772","1157572"
"10074912","3095126"
"10074912","3133531"
"10075030","3507087"
"10075540","2516480"
"10075712","1753437"
"10075831","1786511"
"10076867","1622998"
"10077789","1019522"
"10077789","1079730"
"10077862","1796947"
"10077873","1559050"
"10078291","3749965"
"10079367","1507446"
"10079367","1519512"
"10079367","1600997"
"10079367","1860905"
"10079367","3606907"
"10079367","857175"
"10080021","3687612"
"10080270","1808286"
"10081124","1756715"
"10081222","1173966"
"10081222","1540039"
"10081222","1617807"
"10081222","1902011"
"10081222","2158916"
"10081222","2438368"
"10081222","843323"
"10081255","919850"
"10081353","2843648"
"10081405","2077649"
"10081718","1623501"
"10082072","1899021"
"10082731","1042614"
"10082967","1766033"
"10083043","1544709"
"10083706","873483"
"10085650","1587626"
"10086095","3387306"
"10086198","2439737"
"10086609","2206237"
"10086885","3311376"
"10087051","1825067"
"10087515","849164"
"10087515","851662"
"10087515","873920"
"10087607","1473893"
"10087637","1482579"
"10087637","1567612"
"10087907","2106843"
"10087907","2346882"
"10087907","2922143"
"10087907","3375739"
"10088339","3652531"
"10088627","1100584"
"10088627","897043"
"10089166","3425053"
"10091250","2942973"
"10091306","1665395"
"10091338","953706"
"10091938","1625566"
"10091938","1799851"
"10091938","1803990"
"10091938","1856820"
"10091938","1998303"
"10091938","2079832"
"10091938","2094413"
"10091938","2807729"
"10091938","3322957"
"10091938","3334852"
"10091938","3592842"
"10091938","4017558"
"10091938","949448"
"10091938","971394"
"10092290","2437106"
"10092290","2680257"
"10092306","1897456"
"10093211","1127644"
"10093211","1205524"
"10093211","1666932"
"10093211","1697544"
"10093211","2145143"
"10093211","2303683"
"10093211","2347335"
"10093211","2718413"
"10093211","3169064"
"10093211","3198212"
"10093229","2091047"
"10093288","1523483"
"10093316","1783052"
"10094360","1718692"
"10094884","1107974"
"10095054","1661633"
"10095445","3295284"
"10095504","1496849"
"10095889","1822470"
"10096584","1091459"
"10097051","915771"
"10097275","2788836"
"10097350","2113463"
"10097630","622524"
"10098184","1223699"
"10098202","1175817"
"10098202","1191474"
"10098300","1650684"
"10098657","984474"
"10099267","2028674"
"10099267","910483"
"10099295","2138896"
"10099295","2475395"
"10099295","2508264"
"10099310","1446877"
"10099522","2552158"
"10099552","2319961"
"10099552","3295284"
"10099816","2509702"
"10099988","1634390"
"10100704","1930904"
"10100850","1561121"
"10100972","1594629"
"10101171","1586314"
"10101171","1611668"
"10101353","3778755"
"10101353","3817221"
"10101359","3074038"
"10101625","2384228"
"10101886","2453852"
"10101886","3307123"
"10102119","1198729"
"10102247","2450765"
"10102247","2807089"
"10102310","3969453"
"10103547","1221345"
"10103591","1049788"
"10103704","3172886"
"10103704","3309857"
"10103704","3576110"
"10103704","3595943"
"10104581","2593248"
"10104710","851009"
"10104954","1183358"
"10105080","1698970"
"10105390","2322145"
"10105390","2553878"
"10105774","2679531"
"10105907","1654470"
"10105907","1911845"
"10105907","1973172"
"10105907","2632862"
"10105907","2712435"
"10105907","3678711"
"10106025","1106517"
"10106145","3357573"
"10106231","1732755"
"10106847","3513121"
"10106922","1592468"
"10107008","1198489"
"10107008","1724426"
"10107376","1854874"
"10107876","3999101"
"10108307","1639254"
"10108386","1061894"
"10108901","3005538"
"10108901","3063116"
"10108901","3298309"
"10108901","3430252"
"10108976","3362013"
"10109325","1050736"
"10109599","848182"
"10109773","1001706"
"10109773","871431"
"10110224","2119474"
"10110280","1939739"
"10110823","1091619"
"10111051","835468"
"10111703","1104705"
"10112028","1036290"
"10112028","2785298"
"10112372","1938330"
"10113532","3166382"
"10113532","846779"
"10114030","1562344"
"10114030","1567383"
"10114030","1573534"
"10114030","2099129"
"10114030","2385932"
"10114169","3614402"
"10114353","1751120"
"10114673","1734594"
"10114673","999748"
"10114713","1499021"
"10115517","1825517"
"10116034","1666504"
"10116377","1654392"
"10116694","1167425"
"10117138","1732760"
"10117277","2371522"
"10117277","2605248"
"10117277","3014067"
"10117277","3317457"
"10117424","1422705"
"10118124","1786511"
"10118124","2105677"
"10118124","3295284"
"10118217","3903527"
"10118568","1425682"
"10118568","1746995"
"10118568","910833"
"10118882","1076241"
"10119462","1819680"
"10119462","1852167"
"10119538","757989"
"10119538","910894"
"10119870","1337809"
"10120372","3015802"
"10120410","1979467"
"10120410","2268983"
"10120410","2372603"
"10120410","2534566"
"10120410","2565437"
"10120410","2595764"
"10120410","2680363"
"10120410","2738532"
"10120410","2821693"
"10120410","3068254"
"10120410","3168019"
"10120410","3402370"
"10120410","3540276"
"10120410","3686699"
"10120410","3815656"
"10120410","3825581"
"10120410","3890718"
"10120410","3897491"
"10120410","3931583"
"10120410","4036639"
"10120410","4051882"
"10120410","4057764"
"10121443","1095163"
"10121685","935348"
"10121693","2136668"
"10121704","780803"
"10122553","937260"
"10123622","1600997"
"10123672","1074237"
"10123672","1405418"
"10123672","1438973"
"10123672","1445259"
"10123672","1516513"
"10123672","3267810"
"10123672","3490630"
"10124636","1718692"
"10125286","3867193"
"10125326","997166"
"10127078","1540264"
"10127078","2194839"
"10127078","3649097"
"10127530","2569471"
"10127530","2659669"
"10128047","921625"
"10128167","754633"
"10128167","757802"
"10128312","3665658"
"10128782","2900827"
"10128782","2900903"
"10128782","3700771"
"10128915","2962438"
"10129193","2186567"
"10129439","3621477"
"10129597","1198895"
"10130933","1661633"
"10130969","1804995"
"10131875","1193980"
"10131966","4026267"
"10133113","1051190"
"10133113","1852742"
"10133113","2738338"
"10133113","3645524"
"10133301","2710354"
"10133435","1217771"
"10133480","1643996"
"10134091","2245312"
"10134091","2283888"
"10134091","2609554"
"10134091","2625702"
"10135044","2783194"
"10135065","1771176"
"10135339","1668438"
"10135437","1715214"
"10135692","1093986"
"10135692","1604959"
"10136444","1633052"
"10138004","801249"
"10138159","3498451"
"10138159","981677"
"10138279","1710892"
"10138682","2113463"
"10140014","1588467"
"10140014","1652350"
"10140884","1194382"
"10141871","3592407"
"10142049","1953664"
"10142155","1814638"
"10142155","822375"
"10142588","1076292"
"10142796","3108622"
"10142796","3699595"
"10143307","3002061"
"10143432","1927897"
"10143497","941144"
"10144557","1645727"
"10146698","1132676"
"10147304","1586314"
"10148390","1018213"
"10148832","1804995"
"10149815","832349"
"10149964","1473244"
"10150030","795492"
"10150138","2014763"
"10150138","2630132"
"10150319","1723015"
"10152126","766959"
"10152126","787144"
"10154262","2368120"
"10154486","1832812"
"10154577","3725012"
"10154755","1807174"
"10156375","1591071"
"10156375","1759711"
"10157111","1464228"
"10157111","1542906"
"10157111","1650374"
"10157111","1752898"
"10157111","1823167"
"10157111","2132432"
"10157111","2183377"
"10157111","2300873"
"10157111","2392716"
"10157111","2465018"
"10157111","2516686"
"10157111","2524299"
"10157111","3060320"
"10157111","3673826"
"10157222","1891252"
"10158176","1490558"
"10158176","3202964"
"10158176","3309730"
"10158346","1622773"
"10158606","2671059"
"10158739","3108429"
"10158948","2162249"
"10159011","2082942"
"10159112","948482"
"10159395","913700"
"10159578","1742310"
"10159578","2542134"
"10159578","3193957"
"10159578","3861697"
"10159734","1826898"
"10160036","1074493"
"10160303","1446167"
"10160303","1950419"
"10160431","1657246"
"10162041","1225426"
"10162328","930838"
"10162614","2404212"
"10162614","2686404"
"10162694","804372"
"10162813","2617835"
"10162925","1142947"
"10162925","3875235"
"10164093","1134809"
"10164934","1778270"
"10164934","1990587"
"10164970","1158553"
"10165155","2336315"
"10165364","1544709"
"10167110","1197897"
"10167247","3069390"
"10167337","2014774"
"10167516","1750609"
"10167516","3036358"
"10167516","3292860"
"10167516","3314016"
"10167516","3354788"
"10167516","3529576"
"10167516","3812461"
"10167516","3861835"
"10167516","3955437"
"10167555","2181558"
"10168051","827046"
"10168051","953837"
"10168328","833740"
"10168610","1080832"
"10168610","2102526"
"10168697","1819458"
"10168834","2843112"
"10168834","3408061"
"10168834","3470411"
"10168834","3489197"
"10168834","3801699"
"10168834","3865260"
"10168834","4053815"
"10168999","1773523"
"10168999","3032072"
"10168999","3089903"
"10168999","3105182"
"10168999","3293915"
"10168999","843062"
"10169053","1718692"
"10169081","1479683"
"10169081","1686469"
"10169081","1695999"
"10169271","1044283"
"10170368","1783732"
"10170368","1833515"
"10170897","2090703"
"10170932","1686218"
"10170981","1653151"
"10171109","1758605"
"10171859","937464"
"10172200","1410441"
"10173891","1860540"
"10173891","2527737"
"10174476","1782487"
"10175006","2615350"
"10175006","3116686"
"10175161","1585735"
"10175161","2306991"
"10175161","3464969"
"10175363","2025684"
"10175474","1030588"
"10175474","1181874"
"10175474","2184502"
"10175474","942932"
"10175582","3133347"
"10176123","1795780"
"10176293","809857"
"10177511","1125242"
"10177511","1155385"
"10177987","2665128"
"10178091","3218019"
"10178549","2799335"
"10178824","2262211"
"10178851","785229"
"10179129","628660"
"10179130","1477709"
"10179404","1930562"
"10180445","2958204"
"10180587","2182183"
"10180660","874049"
"10180660","888633"
"10181364","1523781"
"10181364","1539735"
"10183552","846769"
"10184423","3130942"
"10184767","1954182"
"10184767","2101438"
"10184767","2332649"
"10184808","2089222"
"10185371","772607"
"10186165","1796766"
"10186868","3845435"
"10187082","2722199"
"10187566","3699321"
"10187883","2132973"
"10187883","2315687"
"10188042","1931972"
"10188296","2345672"
"10188585","2136826"
"10188585","3075690"
"10189078","2080832"
"10189532","1167076"
"10190199","1134719"
"10190199","1221345"
"10190199","3185250"
"10190283","2890636"
"10190321","1588092"
"10190321","1623501"
"10190373","799218"
"10190610","1083653"
"10190610","1191887"
"10190899","873632"
"10190973","2145103"
"10191389","922722"
"10191765","1629851"
"10192133","3186690"
"10194114","2919939"
"10196496","1230118"
"10197039","3761501"
"10197438","3357292"
"10197439","1219466"
"10197682","1855523"
"10198023","1452737"
"10198089","1589647"
"10198328","1477292"
"10199066","1475372"
"10199861","2241192"
"10200505","1147383"
"10201547","1591291"
"10201685","1554084"
"10202164","2324405"
"10202254","2261391"
"10202254","2572693"
"10202254","2947397"
"10202254","3408275"
"10202254","3530012"
"10202854","2576926"
"10202854","2583661"
"10203017","1642389"
"10203062","1434819"
"10203094","1831975"
"10203465","1157779"
"10203465","3580254"
"10203628","933245"
"10203638","1939739"
"10203638","3588420"
"10204558","2296997"
"10205021","1153789"
"10205281","1952753"
"10205281","2050339"
"10205281","2100561"
"10206038","3430621"
"10206038","3566420"
"10206038","3995812"
"10206675","1901938"
"10206675","1968753"
"10206675","766302"
"10206944","2896475"
"10209003","1811075"
"10209003","1998840"
"10209003","878366"
"10209061","1504121"
"10209285","1703823"
"10209672","1416439"
"10209672","3256789"
"10210016","1552955"
"10210016","1734741"
"10210268","865451"
"10210455","3326613"
"10210455","3541829"
"10210455","3663150"
"10210455","3767443"
"10210572","1212382"
"10210723","2844159"
"10210723","2845224"
"10210723","3348136"
"10210723","3500558"
"10211180","3936578"
"10211655","2262589"
"10211896","798361"
"10212044","2231740"
"10212044","2294095"
"10212044","2470959"
"10212044","2482968"
"10212044","3152275"
"10212177","1409881"
"10213247","1511805"
"10213270","1653151"
"10213651","3295284"
"10213995","3197296"
"10214008","1790081"
"10214378","2022114"
"10214735","1869477"
"10214735","994206"
"10214767","1418509"
"10214893","1495403"
"10214893","2510262"
"10215201","1642353"
"10215325","2090742"
"10215677","2306758"
"10215677","2317074"
"10216302","1941784"
"10216302","3226414"
"10216361","2155795"
"10216361","2614468"
"10216361","2793006"
"10216361","919050"
"10216853","2507313"
"10216853","2725158"
"10216853","3311522"
"10217005","3096113"
"10217230","767063"
"10217522","829646"
"10217655","3034009"
"10218049","2657192"
"10218553","3579668"
"10218679","3668846"
"10218899","793738"
"10219324","2053873"
"10220150","1074365"
"10220562","1766033"
"10220918","4000103"
"10221183","1888805"
"10221281","1864103"
"10222188","1158553"
"10222686","1229603"
"10223400","1134809"
"10228317","2111852"
"10228630","1457852"
"10228906","2555114"
"10229355","2502140"
"10229738","1691873"
"10229738","2340482"
"10229738","2853849"
"10230253","873601"
"10230496","830169"
"10230668","2485438"
"10230762","2260735"
"10231570","1836669"
"10231841","1633052"
"10231841","3250117"
"10231841","3310185"
"10232033","1548873"
"10233127","747073"
"10233358","2760410"
"10233358","2843167"
"10233678","2195226"
"10233773","864648"
"10234277","1084844"
"10235321","1449797"
"10236428","774361"
"10236437","1031898"
"10236630","1418485"
"10236714","3798878"
"10237132","2931839"
"10237481","2823476"
"10237634","1843108"
"10237968","1653151"
"10237968","4015008"
"10238549","2872685"
"10238549","2920612"
"10238549","3181955"
"10238549","3195669"
"10238549","3350107"
"10238549","3475114"
"10238549","3555814"
"10238549","3580698"
"10238549","3812960"
"10238549","3880767"
"10238549","3963667"
"10240263","1944510"
"10240263","2592449"
"10240301","848457"
"10241082","1677345"
"10241280","1651705"
"10241280","2222535"
"10241741","832594"
"10242911","715422"
"10242935","1209371"
"10243653","1089796"
"10243784","1079730"
"10243784","1648505"
"10243796","1047998"
"10244026","891585"
"10244226","2384388"
"10244664","1189137"
"10244834","2027711"
"10246181","1573126"
"10246376","2597645"
"10246411","2912281"
"10246411","3269205"
"10246411","3554242"
"10247058","3952804"
"10247614","1169198"
"10247614","833825"
"10247817","1185224"
"10248059","2218740"
"10249303","2338345"
"10249372","1197089"
"10249372","1428872"
"10249605","1796947"
"10249605","2203164"
"10249605","2733316"
"10249605","2755164"
"10249605","2830086"
"10249605","3045531"
"10249605","3069965"
"10249605","3113032"
"10249709","2489888"
"10249917","2885325"
"10249975","1411468"
"10250351","1400115"
"10250568","1405230"
"10250570","1097400"
"10250570","1552325"
"10250570","1785895"
"10250570","2257136"
"10250570","3121314"
"10251077","1421409"
"10251445","855915"
"10251507","1064132"
"10252105","3667963"
"10252268","2028674"
"10252577","2824108"
"10252641","3317858"
"10253358","2707455"
"10253560","1513919"
"10253578","2626747"
"10253629","1052335"
"10253629","1061385"
"10253629","1460590"
"10254250","3609118"
"10254614","1615687"
"10254754","2306750"
"10254947","1112572"
"10255252","1855351"
"10255888","1897815"
"10255919","1746124"
"10256055","1706059"
"10256055","3012001"
"10256116","3337383"
"10256116","3594452"
"10256503","873284"
"10257649","1884418"
"10257649","3628768"
"10257791","2035571"
"10258121","729626"
"10258240","1916217"
"10258892","846386"
"10259416","1639366"
"10259416","1639668"
"10259485","2904975"
"10259671","1676858"
"10259711","3309730"
"10260581","2095930"
"10262360","1147200"
"10262625","942932"
"10262854","2567991"
"10263053","2179916"
"10263053","2751794"
"10263079","2528140"
"10263120","1864513"
"10263120","2692471"
"10263196","1145899"
"10263196","1676363"
"10263471","868880"
"10263533","1234459"
"10263816","1149192"
"10263816","1231993"
"10263985","2785506"
"10264228","1164936"
"10265466","921282"
"10265650","1653682"
"10265650","2293353"
"10265650","2309773"
"10265650","3374181"
"10265693","1814937"
"10265693","2053258"
"10266400","2998336"
"10266400","3374181"
"10266826","791851"
"10266888","2271370"
"10267453","2833078"
"10267488","2963384"
"10267879","1822946"
"10268073","1622528"
"10268073","1622604"
"10268107","1143287"
"10268176","1050141"
"10268176","1079460"
"10268300","1855510"
"10268369","954913"
"10268435","1483871"
"10268435","1492756"
"10268435","1520796"
"10268435","1706284"
"10268435","1740043"
"10268435","1800863"
"10268435","1824227"
"10268435","1997308"
"10268435","2992065"
"10268696","948608"
"10268883","1758623"
"10269015","2913944"
"10269015","3220480"
"10269015","3458426"
"10269015","3853697"
"10269015","3923082"
"10269015","3956401"
"10269130","843062"
"10269311","2258802"
"10269311","2338915"
"10269855","2842772"
"10269855","3873488"
"10270016","2439335"
"10270620","1681131"
"10270620","3193576"
"10270620","3663150"
"10270620","3918494"
"10270631","2809438"
"10271339","1916013"
"10272534","1526265"
"10272534","1531158"
"10272534","1544924"
"10272534","1605151"
"10272534","1661560"
"10272534","1834241"
"10272534","1834253"
"10272534","2225461"
"10272534","2273523"
"10272534","2283859"
"10272534","2344194"
"10272534","2594396"
"10272534","2668373"
"10272534","3885075"
"10272534","3940430"
"10272563","3890500"
"10272580","2844491"
"10272580","3969545"
"10273237","1703823"
"10273337","1548397"
"10273353","988511"
"10273360","1440721"
"10273360","1802159"
"10273360","2404159"
"10273360","2994221"
"10273541","921291"
"10273541","922544"
"10274483","839668"
"10274756","873255"
"10275210","2641035"
"10275226","804130"
"10275226","824705"
"10275511","1875491"
"10275816","1005321"
"10276284","2459498"
"10276310","1049993"
"10276310","988135"
"10276451","772364"
"10276602","2161088"
"10276602","2523783"
"10277344","1806920"
"10277667","1627780"
"10278807","944832"
"10279459","1197373"
"10279459","1678366"
"10280199","1225944"
"10280595","900131"
"10281191","1069548"
"10281191","1072306"
"10281321","2113463"
"10281321","2264358"
"10281321","2575872"
"10281321","2789614"
"10281701","3162018"
"10283204","1225426"
"10283650","1844771"
"10284398","1135553"
"10285065","2123867"
"10285065","2492247"
"10285065","2496818"
"10285065","2783002"
"10285065","2893477"
"10285065","3026307"
"10285068","1717570"
"10285518","2191383"
"10285900","3805481"
"10287011","1088920"
"10287172","2515488"
"10287172","978779"
"10287192","1804995"
"10287192","3876726"
"10287803","740363"
"10288178","1019435"
"10288801","1889483"
"10289342","1760418"
"10289394","3986955"
"10289717","3042403"
"10291428","1104385"
"10291428","835604"
"10291598","1572625"
"10291896","3001760"
"10291896","3463050"
"10291896","3681279"
"10295387","1473237"
"10295556","2067523"
"10298291","1807886"
"10298291","2791173"
"10303159","2309686"
"10303789","2425909"
"10303789","789820"
"10317680","1461069"
"10317902","889247"
"10319949","3440693"
"10320024","2695000"
"10320205","2821577"
"10320676","1875491"
"10322330","1182108"
"10322330","788830"
"10323630","637031"
"10326386","2468250"
"10326606","1165480"
"10327131","867501"
"10327160","2258846"
"10328643","2003629"
"10329414","1527692"
"10330022","1850127"
"10330022","3388472"
"10330200","1653135"
"10330228","3172273"
"10330287","836730"
"10330308","2998010"
"10330805","1985341"
"10331240","1684349"
"10332259","1874584"
"10332542","1965877"
"10333210","1428872"
"10333210","1915747"
"10333379","2122924"
"10333379","2286206"
"10333379","2643112"
"10333379","2791173"
"10333503","1670389"
"10334663","849900"
"10335338","1548397"
"10335646","1200178"
"10335980","1148211"
"10336236","1119609"
"10336236","1707356"
"10336236","1891252"
"10336236","1971579"
"10336236","2127634"
"10336236","2530387"
"10336236","872242"
"10336405","2126659"
"10336405","2603817"
"10336501","1097400"
"10336542","1164134"
"10336542","1715047"
"10336542","1855351"
"10336542","2194709"
"10336542","2348283"
"10336542","2386861"
"10336542","2501374"
"10336542","2585467"
"10336567","729626"
"10336853","2082218"
"10336976","1723015"
"10336976","1834170"
"10337275","1416631"
"10337311","1544683"
"10337469","1197089"
"10337490","898976"
"10337505","1050736"
"10337895","1647853"
"10338386","1473758"
"10338386","1865093"
"10338386","1901255"
"10338386","2010876"
"10338386","2292013"
"10338386","2580760"
"10338386","2658347"
"10338600","1650400"
"10338761","1742150"
"10338922","1037647"
"10339127","1676363"
"10339127","1830326"
"10339153","1842259"
"10339507","1621574"
"10339507","1901869"
"10339507","1912010"
"10339507","2004215"
"10339507","2079989"
"10339708","1088486"
"10341438","2075312"
"10341438","2161080"
"10341681","1405230"
"10341681","1712151"
"10341681","1855351"
"10342444","2257136"
"10343654","1651470"
"10343914","2603817"
"10344144","852171"
"10344923","1642389"
"10344923","1727739"
"10344923","1804995"
"10344923","1865931"
"10344923","1895913"
"10344923","2282814"
"10344923","2328614"
"10344923","2590341"
"10344923","2641831"
"10344923","2707246"
"10344923","2734114"
"10344923","2810116"
"10344923","2928944"
"10344923","3080336"
"10344923","3109554"
"10344923","3160264"
"10344923","3165569"
"10344923","3177476"
"10344923","3372683"
"10344923","3446831"
"10344923","3563823"
"10344923","3633880"
"10344923","3901987"
"10344947","1709964"
"10344947","1818069"
"10344947","1881609"
"10344947","1901255"
"10344947","3126009"
"10345105","2289812"
"10346211","1910580"
"10346304","3410015"
"10346304","3512866"
"10347469","1058384"
"10348774","865451"
"10349764","3161038"
"10350070","2105457"
"10350070","2741091"
"10350575","1083847"
"10350716","780803"
"10351107","1653135"
"10351628","1173966"
"10352108","1529630"
"10352108","1640866"
"10352193","834394"
"10352271","1079971"
"10352298","3058798"
"10352657","1579651"
"10353097","1074493"
"10353546","1407745"
"10354016","2127963"
"10354119","824151"
"10354120","1836989"
"10354203","1013418"
"10354203","1588941"
"10354262","1563192"
"10354306","974815"
"10354569","3935901"
"10354729","1048283"
"10354729","3292865"
"10355073","733849"
"10355538","1563519"
"10355851","1135615"
"10355851","693613"
"10356044","743641"
"10356142","1489998"
"10356218","903205"
"10356265","1907697"
"10356265","3876726"
"10356808","2484827"
"10358131","1074493"
"10358926","2533143"
"10358926","963089"
"10360232","2157006"
"10360543","1431238"
"10360864","2679836"
"10360996","1671723"
"10361015","1528181"
"10361108","3508791"
"10361373","1591291"
"10361691","2198487"
"10362093","1651705"
"10362093","2296997"
"10362729","793738"
"10362951","3101349"
"10363099","1624749"
"10363099","2016057"
"10363752","2795827"
"10363993","3167465"
"10365129","1786511"
"10365130","1083741"
"10365496","3267058"
"10365591","1915169"
"10365819","936908"
"10365924","1661633"
"10366514","1183358"
"10366514","1638536"
"10366514","2105677"
"10366514","2440756"
"10366514","3052631"
"10366514","3486040"
"10368266","3486358"
"10368266","769678"
"10368562","3793536"
"10370038","1473244"
"10370135","3323157"
"10370425","2003406"
"10371390","1907717"
"10371390","963089"
"10371930","2592346"
"10372280","1676967"
"10372280","1852449"
"10372280","2312356"
"10372280","2347645"
"10372280","3364719"
"10372733","2118518"
"10372846","1445315"
"10373238","1751120"
"10373324","1776174"
"10373621","2487174"
"10373695","938183"
"10373695","996567"
"10374198","1076154"
"10374338","2757468"
"10375017","1615687"
"10375047","1094244"
"10375320","1816639"
"10376593","1748407"
"10376593","1951825"
"10376593","847537"
"10377142","1804995"
"10377784","938208"
"10377790","1845989"
"10377871","1710180"
"10377871","926834"
"10377944","1150357"
"10378058","1416396"
"10378058","2528140"
"10378110","894239"
"10378234","1160290"
"10378403","3820948"
"10379002","1719770"
"10379636","1590617"
"10380593","1515336"
"10381970","1826898"
"10381970","2296954"
"10381970","3201119"
"10381970","4018837"
"10382777","1682437"
"10382873","1142721"
"10382873","851646"
"10383931","1830906"
"10383931","1928663"
"10383931","2273404"
"10383931","2287120"
"10383931","2353409"
"10383931","2415796"
"10383931","2456595"
"10383931","2574937"
"10383931","2607602"
"10383931","2841119"
"10383931","3101500"
"10383967","1079730"
"10383967","2010696"
"10384471","2775098"
"10384890","3310911"
"10385097","1509323"
"10386327","927204"
"10386513","1796766"
"10386706","2146598"
"10386923","1126592"
"10387780","2143486"
"10387780","3141910"
"10387780","3322211"
"10387780","3481299"
"10387780","3576800"
"10387780","3596219"
"10388030","1689618"
"10388057","3977602"
"10388216","1836305"
"10388820","2099852"
"10390777","1731422"
"10390777","2401450"
"10390777","2510262"
"10391138","1527040"
"10391335","3307148"
"10391450","3758869"
"10391903","1582587"
"10391903","1840441"
"10391903","2147245"
"10393257","2950864"
"10393257","3118906"
"10393495","1645727"
"10394155","3128671"
"10395006","1508704"
"10395154","1140823"
"10395154","1886562"
"10395154","3529754"
"10395745","1653749"
"10395802","869563"
"10396450","2194960"
"10396643","1510163"
"10396817","970765"
"10397244","1105639"
"10397244","1110452"
"10397244","1145899"
"10397244","1659758"
"10397328","1998911"
"10397328","3385925"
"10397352","1035752"
"10397352","1136042"
"10397352","1608249"
"10397352","1684172"
"10397352","1958259"
"10397842","3423133"
"10398363","811858"
"10398737","1075824"
"10398737","3063296"
"10398737","3536168"
"10398737","793476"
"10398876","2632110"
"10398876","2801611"
"10399617","3314855"
"10400253","1161982"
"10400285","1540264"
"10400285","1552974"
"10400635","1435170"
"10401538","2650493"
"10401777","2605802"
"10402399","1462676"
"10402873","2489370"
"10402886","831607"
"10402961","1513373"
"10403022","1651470"
"10403022","2195747"
"10403022","2295225"
"10403392","1091459"
"10403392","1214523"
"10403392","1229221"
"10403392","1588804"
"10403392","1599137"
"10403392","1728129"
"10403392","1730231"
"10403752","1933808"
"10404067","1774915"
"10404240","1855351"
"10404256","3235323"
"10404256","3818203"
"10404545","1748852"
"10404780","923143"
"10405285","871701"
"10405788","1673460"
"10406129","786802"
"10406947","1671723"
"10406947","3345954"
"10407167","3506758"
"10407327","860638"
"10407475","1038453"
"10407475","1954901"
"10407475","1959481"
"10407475","1997235"
"10408094","866964"
"10408945","2629316"
"10409164","835476"
"10409267","1428872"
"10409669","2226004"
"10409825","2523886"
"10409887","1158553"
"10411782","2206226"
"10411782","3994602"
"10412500","886233"
"10413062","922722"
"10413152","988732"
"10413333","1964991"
"10413355","928683"
"10413511","838866"
"10413511","928683"
"10413747","1640337"
"10414136","2730964"
"10414136","2974119"
"10414314","2517306"
"10414314","2814116"
"10414511","3082549"
"10414532","987374"
"10414726","809857"
"10414903","1548397"
"10414903","1622528"
"10415162","2468697"
"10415162","957893"
"10415546","981561"
"10415923","1435170"
"10416020","1214461"
"10416563","793831"
"10417227","987905"
"10418437","3233309"
"10418813","3742817"
"10419156","1654470"
"10419583","2654852"
"10419583","2761866"
"10419583","3104543"
"10419583","3281831"
"10419583","3683157"
"10419583","3829910"
"10419583","3978926"
"10420238","1144669"
"10420302","1722256"
"10420654","3150621"
"10421129","1807886"
"10421916","1736546"
"10421916","2260894"
"10422224","1846606"
"10422456","1132676"
"10422854","1427558"
"10424073","1008433"
"10424222","868987"
"10424308","2505417"
"10424871","1635581"
"10424871","1796902"
"10424871","2368045"
"10424871","3998935"
"10424901","2608301"
"10424901","2834733"
"10424901","2868536"
"10424901","3646534"
"10424901","3723348"
"10424957","1026332"
"10425133","1126302"
"10425182","1517454"
"10425457","1460436"
"10425457","1477292"
"10425457","1547666"
"10425457","3955503"
"10425633","1810044"
"10426592","1090272"
"10427797","2262253"
"10428231","3305502"
"10428492","970765"
"10429083","2115705"
"10429729","3250451"
"10431171","1032395"
"10431171","1577902"
"10431171","2435569"
"10431292","2412934"
"10431527","2781769"
"10431965","801487"
"10431965","841291"
"10432121","2022114"
"10433184","2733713"
"10433380","1601349"
"10433528","847876"
"10433535","810417"
"10433558","1411714"
"10433558","1811657"
"10433558","1840589"
"10433558","1898005"
"10433558","2046692"
"10433558","2592359"
"10433558","3653922"
"10433558","835814"
"10434437","1605910"
"10434441","1079189"
"10434589","1078771"
"10434589","3784816"
"10434589","830315"
"10434994","3111075"
"10435607","1491327"
"10435949","1617555"
"10436068","1704982"
"10436298","2105180"
"10436298","2418608"
"10436298","2643590"
"10437121","3173819"
"10437233","1513446"
"10437233","724319"
"10437567","964427"
"10437736","1549372"
"10437736","1697339"
"10438710","805061"
"10439549","3248160"
"10439549","999407"
"10439703","1188660"
"10439703","1422705"
"10441152","1829195"
"10441152","2117658"
"10441317","2702343"
"10441483","873780"
"10441596","1140823"
"10441659","1091351"
"10441772","2556369"
"10442255","2003406"
"10443220","3159696"
"10443933","811858"
"10444089","1106272"
"10445496","946560"
"10445550","1037647"
"10445808","3417968"
"10445808","4053718"
"10446427","3252299"
"10446685","3602997"
"10447091","1786502"
"10447561","1943827"
"10447561","873239"
"10447785","1447997"
"10448636","1001234"
"10448636","2126659"
"10448709","1594220"
"10448709","2125424"
"10448978","788468"
"10449418","2059063"
"10449761","1152069"
"10450064","1155959"
"10450064","1823910"
"10450064","1946966"
"10450064","3722305"
"10450064","3957429"
"10450405","1185115"
"10450716","1846802"
"10450826","1611668"
"10450826","3847127"
"10451056","2165805"
"10451080","1686301"
"10451295","2046879"
"10451295","2136826"
"10451295","3393098"
"10451295","3620391"
"10451821","1717939"
"10452648","1478014"
"10452819","2933560"
"10453768","1050736"
"10453768","1082241"
"10453768","1511805"
"10453768","1785895"
"10453768","2014774"
"10453768","2179059"
"10453768","2286206"
"10454370","1045837"
"10454370","1758999"
"10454370","1988924"
"10454370","2866256"
"10454370","626260"
"10454446","2570481"
"10454541","873384"
"10454778","3148793"
"10454995","1951825"
"10455259","1140823"
"10455327","955071"
"10455952","808106"
"10456500","1105639"
"10456620","1653135"
"10456620","1656071"
"10456620","846815"
"10456620","849311"
"10456695","910566"
"10457529","1214523"
"10457529","1420380"
"10457529","1811067"
"10458145","2590738"
"10458145","2638767"
"10458145","2922436"
"10458145","3047597"
"10458145","3116828"
"10458145","3319453"
"10458145","3629092"
"10458145","3807386"
"10458145","3879338"
"10458785","1622773"
"10458785","1667825"
"10459056","2371522"
"10460020","2998050"
"10460020","3787601"
"10460902","1679702"
"10460967","3677290"
"10460967","957349"
"10461074","2484827"
"10461074","2524943"
"10461293","3530081"
"10461293","3685093"
"10461419","2515610"
"10461674","2077290"
"10462394","1399196"
"10463408","2101645"
"10463408","2596900"
"10463408","2624540"
"10464024","832594"
"10464989","1499105"
"10465643","996567"
"10465949","1847605"
"10465949","2509924"
"10466441","2872736"
"10466441","2984536"
"10466839","1132676"
"10466942","2117550"
"10467107","3932712"
"10467766","1584840"
"10468040","3508249"
"10468479","1589660"
"10469028","2532726"
"10469028","2586802"
"10469028","2809438"
"10469028","2919562"
"10469028","2990551"
"10469028","3120331"
"10469028","3431377"
"10469028","3960827"
"10469075","2067580"
"10469218","2685713"
"10469218","2691138"
"10469713","1551191"
"10470135","3015802"
"10470873","1814260"
"10470873","2415853"
"10470873","2653242"
"10470873","2721287"
"10470873","3109815"
"10470873","872327"
"10471386","1074493"
"10471756","1582197"
"10472457","1162904"
"10472669","2709021"
"10473225","1727739"
"10474410","1718692"
"10474968","2079842"
"10474992","3216167"
"10475056","3074433"
"10475070","3601375"
"10475273","1700687"
"10475273","1877367"
"10475678","1690692"
"10476651","1536338"
"10476651","3198387"
"10476651","3219907"
"10476848","1161982"
"10478213","956836"
"10478257","1804995"
"10478938","861998"
"10479127","852471"
"10479528","759552"
"10479726","957893"
"10480072","1561121"
"10480232","3258772"
"10480319","2437739"
"10480436","823199"
"10481413","3906669"
"10482114","2557329"
"10482171","1460436"
"10482246","2011402"
"10482551","1499105"
"10482551","1951825"
"10483074","2410638"
"10483112","1490755"
"10483112","3009937"
"10483112","3542249"
"10483112","3742987"
"10483411","2039470"
"10483663","3200583"
"10483663","3262986"
"10483783","1491327"
"10483987","2210018"
"10483987","2621216"
"10483987","3421147"
"10484027","1553250"
"10484076","1786502"
"10484076","2569471"
"10484443","755858"
"10485829","1977108"
"10486382","1796342"
"10486562","2429237"
"10486577","1416631"
"10486577","1454030"
"10486577","2870365"
"10486623","800825"
"10486731","1493894"
"10486731","1527358"
"10486731","1974909"
"10486731","795496"
"10487124","2065097"
"10487531","1492791"
"10487698","1954681"
"10487819","856462"
"10487870","2963374"
"10488654","1065719"
"10489312","1907697"
"10490170","839401"
"10490511","2271403"
"10490575","1954681"
"10490910","798072"
"10490910","980232"
"10491494","963089"
"10491666","1583182"
"10491741","3450302"
"10492514","1648505"
"10492831","672639"
"10492831","672705"
"10492874","898976"
"10493246","846386"
"10493355","1615687"
"10493432","1679702"
"10493631","831599"
"10493659","953873"
"10494201","2132905"
"10494201","2153509"
"10494201","2256711"
"10494201","2654683"
"10494201","3040125"
"10494201","3253260"
"10494229","868987"
"10494717","3571434"
"10495498","1786502"
"10495501","3829441"
"10495718","1413102"
"10495815","1548873"
"10496018","2996591"
"10497320","1026338"
"10497587","1654054"
"10497662","1710288"
"10497871","2346093"
"10497871","3773842"
"10498059","3576616"
"10498161","1004592"
"10498289","3276208"
"10498289","3612060"
"10499033","1601435"
"10499033","1842366"
"10499136","1807886"
"10499136","2487347"
"10499192","1457699"
"10499192","1521224"
"10499192","1682437"
"10499192","1906743"
"10499247","1689087"
"10499361","1450125"
"10499361","1604317"
"10499361","849032"
"10499403","1430394"
"10499403","1583297"
"10499403","1769422"
"10499403","1796947"
"10499403","2383208"
"10500219","902743"
"10500342","2671793"
"10500485","1848152"
"10500537","1699959"
"10500537","2841229"
"10500547","796641"
"10500703","1666538"
"10500912","1622604"
"10501264","857626"
"10501831","1484629"
"10501831","3630325"
"10501949","3149130"
"10502219","1552955"
"10502219","3473000"
"10502318","2681092"
"10504040","1203992"
"10504040","2608776"
"10504040","3222983"
"10504040","932020"
"10504217","2249716"
"10504326","1188660"
"10504400","1651617"
"10504922","1876194"
"10504922","3484253"
"10505027","1603009"
"10505143","2353230"
"10505605","1676858"
"10505813","1834170"
"10506297","1575396"
"10506763","1080217"
"10506847","1462676"
"10507189","1171182"
"10507288","3362109"
"10507288","3641208"
"10507288","3776332"
"10507288","3804263"
"10507288","3854241"
"10507307","2318539"
"10507307","2569215"
"10507307","3177546"
"10507307","3543831"
"10507307","3681894"
"10507307","4050470"
"10507329","1063242"
"10508391","1847605"
"10508425","1623591"
"10508698","726124"
"10508698","922722"
"10508866","1524336"
"10508903","2203305"
"10509105","1416631"
"10509184","846769"
"10509219","803876"
"10509345","1739635"
"10509593","926834"
"10509664","1418485"
"10509664","1604265"
"10509664","1653217"
"10509664","1859497"
"10509664","3775968"
"10509664","3969682"
"10509673","1183358"
"10509775","836994"
"10509775","842146"
"10509818","2128474"
"10509818","2128661"
"10509848","1031898"
"10509848","1112205"
"10509848","1143287"
"10509848","1461069"
"10509848","1513223"
"10509848","2752188"
"10509848","3471340"
"10510086","1218214"
"10510164","1197089"
"10510164","2230425"
"10510341","2262117"
"10511521","1653799"
"10511556","981561"
"10511593","1422705"
"10511612","1193288"
"10511612","1627288"
"10511612","1759711"
"10511967","1718692"
"10512180","1434819"
"10512214","1834170"
"10513060","1422705"
"10513298","2392286"
"10513513","1594534"
"10513684","2509924"
"10513804","3851985"
"10513971","2635568"
"10514350","3042391"
"10514737","861245"
"10514953","1140888"
"10514953","1178702"
"10514953","2148538"
"10515212","1748852"
"10515466","3325693"
"10515572","800825"
"10515791","3295284"
"10515988","1074493"
"10515988","1830326"
"10516784","1484629"
"10516784","1660222"
"10516784","1686469"
"10516784","1868929"
"10516784","2113463"
"10516784","2554033"
"10516784","3141313"
"10516784","3318894"
"10516784","922125"
"10516784","972192"
"10516784","978896"
"10517016","1629937"
"10517036","863454"
"10517111","1422705"
"10517111","1508657"
"10517111","2244454"
"10517457","1452150"
"10517890","1845989"
"10517978","2083933"
"10518125","1889405"
"10518832","1999227"
"10518892","1418485"
"10519097","1232152"
"10519097","1507446"
"10519097","1974909"
"10519097","2577835"
"10519097","2739282"
"10519477","2658056"
"10519477","3828524"
"10519477","3853712"
"10519477","3870161"
"10519477","3879920"
"10519477","3945926"
"10519861","1648776"
"10519861","1974389"
"10519861","2506130"
"10519861","3048490"
"10520116","1583182"
"10520116","2380041"
"10520208","1112205"
"10520651","2527746"
"10520659","1954681"
"10520690","1135383"
"10521057","1539119"
"10521400","1175558"
"10521400","1907697"
"10522467","817526"
"10523222","1164134"
"10523222","1951782"
"10523222","2542868"
"10523479","1182893"
"10523909","1970426"
"10523911","1197028"
"10523911","1493505"
"10523911","2121537"
"10524943","1523781"
"10524943","1920332"
"10524943","1961561"
"10524943","3534121"
"10524999","1723031"
"10525631","1001706"
"10525631","1629341"
"10526094","1934797"
"10526800","2044708"
"10526833","2064562"
"10526834","1681131"
"10526834","3802306"
"10527360","630628"
"10527610","1510163"
"10528242","2604183"
"10529638","1506546"
"10529748","1540264"
"10529748","1689420"
"10529748","2067581"
"10530297","1171779"
"10530333","2003406"
"10530451","3785849"
"10530573","2144926"
"10530606","1560068"
"10531173","3367937"
"10531228","803838"
"10531271","3217459"
"10531271","3974918"
"10531339","2644738"
"10531474","2265730"
"10531984","1140823"
"10532469","2193809"
"10532530","2554654"
"10533514","2370865"
"10534581","1421409"
"10534581","2293353"
"10534581","2643112"
"10534581","2985121"
"10534800","1179576"
"10536274","2095930"
"10536277","770723"
"10536466","2306745"
"10536811","1183358"
"10537373","2188447"
"10537373","3000260"
"10537470","1184652"
"10537814","1405230"
"10537814","1704795"
"10537984","1087532"
"10537984","2007673"
"10538509","1691906"
"10539560","1424265"
"10539757","1639254"
"10539757","842146"
"10540271","1748852"
"10540271","1865243"
"10540271","2360998"
"10540271","3892723"
"10540984","2701524"
"10540984","2714037"
"10540984","3637564"
"10540984","3885099"
"10541356","1071407"
"10542327","649409"
"10543664","1004592"
"10544548","1194382"
"10545342","926834"
"10545651","1082687"
"10545651","719823"
"10546300","1009715"
"10546572","653635"
"10546915","979074"
"10547123","794743"
"10547364","922898"
"10547435","1133303"
"10547435","1157613"
"10547435","1183358"
"10547435","874797"
"10547435","921282"
"10547629","1112775"
"10549008","2527735"
"10549010","2177026"
"10550173","800036"
"10550205","3266681"
"10550215","772223"
"10551834","3307623"
"10552194","1904082"
"10552402","1489731"
"10552466","1915747"
"10553943","1160092"
"10553994","1550733"
"10554048","2294095"
"10554057","3962187"
"10554905","1621296"
"10554925","1701083"
"10555057","2281882"
"10555368","1214879"
"10555494","1013418"
"10555753","955071"
"10556209","2850568"
"10556872","1112205"
"10557530","2876525"
"10557530","3293425"
"10557882","1080071"
"10557896","2966945"
"10558198","1031733"
"10559934","2160899"
"10561127","1202002"
"10561381","955071"
"10561919","1061085"
"10562091","2760511"
"10563086","1699959"
"10563086","2212741"
"10563086","2669103"
"10563312","3005976"
"10563394","3000872"
"10564602","717124"
"10565333","1834170"
"10566308","1132676"
"10566412","1715882"
"10566412","3667963"
"10566412","3677418"
"10566887","1761412"
"10567065","1750800"
"10567950","1496348"
"10568514","2384945"
"10569220","1515040"
"10569220","1525947"
"10570493","1694445"
"10570493","1956435"
"10570493","2852146"
"10570493","614699"
"10570723","1202017"
"10570837","854467"
"10570857","1107529"
"10571040","2311586"
"10571479","1654470"
"10572439","2357981"
"10573108","3051611"
"10573192","1905679"
"10573192","2318188"
"10573192","2489473"
"10573192","2801611"
"10573441","1170475"
"10573511","1954106"
"10575370","1460436"
"10576251","2262864"
"10576251","3057927"
"10576251","3691959"
"10576681","823295"
"10576681","920694"
"10577977","1171779"
"10577977","2214080"
"10577977","2225556"
"10577977","2228186"
"10577977","2249004"
"10577977","2296128"
"10577977","2312252"
"10577977","2313897"
"10577977","2315950"
"10577977","2330561"
"10577977","2359314"
"10577977","2393816"
"10577977","2429913"
"10577977","2523306"
"10577977","2524606"
"10577977","2553860"
"10577977","2559366"
"10577977","2561465"
"10577977","2563600"
"10577977","2609808"
"10577977","2619682"
"10577977","2633447"
"10577977","2639354"
"10577977","2642037"
"10577977","2672605"
"10577977","2682809"
"10577977","2685385"
"10577977","2717195"
"10577977","2739402"
"10577977","2749789"
"10577977","2750347"
"10577977","2752392"
"10577977","2760285"
"10577977","2774178"
"10577977","2776957"
"10577977","2828501"
"10577977","2831428"
"10577977","2854165"
"10577977","2857296"
"10577977","2871476"
"10577977","2880673"
"10577977","2882947"
"10577977","2904514"
"10577977","2911818"
"10577977","2944077"
"10577977","2954051"
"10577977","2963469"
"10577977","2967955"
"10577977","2982039"
"10577977","3031679"
"10577977","3038679"
"10577977","3042257"
"10577977","3083835"
"10577977","3104197"
"10577977","3106655"
"10577977","3106663"
"10577977","3133663"
"10577977","3136115"
"10577977","3143637"
"10577977","3157734"
"10577977","3158509"
"10577977","3184297"
"10577977","3184307"
"10577977","3215575"
"10577977","3218387"
"10577977","3294108"
"10577977","3295560"
"10577977","3334037"
"10577977","3371833"
"10577977","3400781"
"10577977","3408576"
"10577977","3420605"
"10577977","3421337"
"10577977","3425914"
"10577977","3475670"
"10577977","3476809"
"10577977","3492838"
"10577977","3500098"
"10577977","3517695"
"10577977","3572128"
"10577977","3583546"
"10577977","3590903"
"10577977","3605027"
"10577977","3664471"
"10577977","3707232"
"10577977","3727488"
"10577977","3765869"
"10577977","3765888"
"10577977","3811999"
"10577977","3843503"
"10577977","3871519"
"10577977","3903485"
"10577977","3905235"
"10577977","3907745"
"10577977","3911065"
"10577977","3926569"
"10577977","3932640"
"10577977","3941308"
"10577977","3946065"
"10577977","3949488"
"10577977","3952669"
"10577977","3957249"
"10577977","3958867"
"10577977","3960745"
"10577977","3969690"
"10577977","3977096"
"10577977","3987103"
"10577977","3994863"
"10577977","4035994"
"10577977","4039145"
"10577977","4044738"
"10579485","1080204"
"10579485","1129060"
"10579485","1652349"
"10579485","1870474"
"10579485","1927354"
"10579485","1937838"
"10579485","2017130"
"10579485","2183720"
"10579485","2270567"
"10579485","2359372"
"10579485","2512567"
"10579485","2525434"
"10579485","2590402"
"10579485","2630460"
"10579485","2678191"
"10579485","2758855"
"10579485","2839867"
"10579485","2895083"
"10579485","3224006"
"10579485","3267946"
"10579485","3374990"
"10579904","970765"
"10580413","1974723"
"10581120","1467159"
"10581590","1869558"
"10581590","2128192"
"10581590","2143096"
"10581590","2315588"
"10581590","2493304"
"10581590","2680363"
"10581590","2746099"
"10581590","3192707"
"10581590","3397200"
"10581590","3498451"
"10582002","629669"
"10582043","984474"
"10582276","1231912"
"10583467","1468653"
"10585294","1399722"
"10585351","2255613"
"10585791","1789366"
"10585945","1510092"
"10585945","3805481"
"10585945","3815457"
"10586241","809190"
"10586521","821635"
"10586620","886986"
"10587510","861998"
"10587982","970765"
"10588737","1679702"
"10589047","880569"
"10589108","794743"
"10589257","1900681"
"10589339","2113463"
"10589416","2044289"
"10590248","979178"
"10590617","808971"
"10590617","969460"
"10590979","3403221"
"10591086","1405109"
"10591185","2406270"
"10591185","3037044"
"10592403","1684349"
"10592403","2801611"
"10592447","3130878"
"10592550","1207692"
"10592641","1558016"
"10592713","2746099"
"10592735","2531447"
"10593636","3945526"
"10593654","1654392"
"10596287","3921486"
"10596336","2639453"
"10596401","1107040"
"10597320","2686936"
"10598345","1683928"
"10598637","1729437"
"10598637","1731516"
"10598637","2163702"
"10598637","893084"
"10599132","1003913"
"10600976","1490558"
"10600976","1526894"
"10600976","1542706"
"10600976","1659335"
"10600976","1748407"
"10601014","1593701"
"10601014","1652376"
"10601014","1765686"
"10601014","1823560"
"10601014","2231060"
"10603044","2912937"
"10603309","1510163"
"10603790","2283242"
"10604980","1780663"
"10605065","2696351"
"10605178","3470851"
"10605437","3554242"
"10605498","1687565"
"10605581","1473264"
"10606330","3379628"
"10606865","3190360"
"10607501","800010"
"10608149","2569897"
"10608556","1194382"
"10609698","2756938"
"10610205","3198839"
"10610205","3332249"
"10610528","3586913"
"10610894","1489039"
"10611029","1694017"
"10611029","3168791"
"10611029","3203117"
"10611288","1868564"
"10612040","824587"
"10612260","1886436"
"10612452","750239"
"10612981","808976"
"10613040","2275884"
"10613246","800112"
"10613506","1993981"
"10614198","2541940"
"10614203","3651562"
"10614327","1686675"
"10614395","2161828"
"10614763","1165789"
"10615321","2990155"
"10615321","3486917"
"10617792","3217459"
"10617888","1791918"
"10618027","2515132"
"10618448","2290440"
"10618570","3284225"
"10618780","969997"
"10619036","2795164"
"10619036","3726928"
"10619882","1733083"
"10619938","848049"
"10620144","2430193"
"10620529","1004592"
"10620541","2471095"
"10620882","1712504"
"10621012","1023350"
"10621012","1959437"
"10621012","3687333"
"10621821","2391789"
"10622023","961986"
"10622189","1909264"
"10622717","1015512"
"10622717","1088732"
"10622717","1177782"
"10622717","1541353"
"10622717","1799897"
"10622717","1926854"
"10622717","1966126"
"10622717","3254162"
"10622717","3392854"
"10622717","3394927"
"10622717","3466119"
"10622717","792368"
"10622717","874258"
"10622967","1651470"
"10623286","3140015"
"10623288","629360"
"10623558","922125"
"10623822","1551313"
"10623967","3345495"
"10623967","3480578"
"10624510","2106927"
"10625588","798604"
"10625588","813068"
"10625751","921625"
"10626117","3257800"
"10627389","1446418"
"10627598","873780"
"10627631","1113931"
"10628196","1225527"
"10628604","1776174"
"10629558","1194382"
"10630524","1166335"
"10631253","3198437"
"10633125","3165196"
"10633158","1467159"
"10634560","1613178"
"10635585","1188346"
"10635585","2365943"
"10635674","1778750"
"10635872","1940593"
"10635872","2071966"
"10636470","1663279"
"10637823","1640337"
"10637998","3696707"
"10638200","1846468"
"10638200","1889945"
"10638200","3809388"
"10638355","1214879"
"10638860","3020080"
"10638860","3484278"
"10639417","2595694"
"10639417","3761265"
"10640813","1522406"
"10640939","1578028"
"10641234","1724426"
"10641967","1422435"
"10642725","1425682"
"10642725","1783554"
"10642904","2950907"
"10643046","1563192"
"10643069","1969670"
"10643069","2546825"
"10643069","2973565"
"10643069","3923123"
"10643125","860804"
"10643299","835489"
"10643404","2189632"
"10643404","2904375"
"10643971","991342"
"10644896","1618041"
"10645137","823199"
"10645939","2236508"
"10647158","755487"
"10647158","806092"
"10648044","925487"
"10648148","2354308"
"10648148","2748199"
"10648148","3314866"
"10648148","3779267"
"10648148","3779659"
"10648148","3930343"
"10648148","3957097"
"10648305","920449"
"10648305","939812"
"10649073","1399196"
"10649073","1855510"
"10649073","3622084"
"10649732","2429432"
"10649732","2521065"
"10652440","1868202"
"10653203","764509"
"10653549","1925963"
"10653549","2264619"
"10653549","2292393"
"10653549","2849336"
"10653983","1782879"
"10653983","3878085"
"10654485","1845107"
"10654485","2865915"
"10654941","1909982"
"10655762","1766232"
"10656072","723253"
"10657166","2454796"
"10657246","2716126"
"10657509","1519208"
"10657509","2122991"
"10657921","1090781"
"10657921","1097192"
"10657921","1709357"
"10657921","2035852"
"10657921","2071322"
"10657921","3071079"
"10657921","3153489"
"10657921","3250914"
"10658105","1791538"
"10658451","1654263"
"10658451","2297879"
"10658693","1888406"
"10658727","1510157"
"10658852","2822069"
"10658879","1573534"
"10659358","752925"
"10659635","3127571"
"10659635","3769921"
"10659733","1842259"
"10660078","2504588"
"10660360","1900276"
"10660530","1117208"
"10660572","1451234"
"10661498","1519208"
"10661684","914052"
"10661989","1682612"
"10662070","1661608"
"10662070","2436306"
"10662530","2310359"
"10663245","2876170"
"10663288","3670559"
"10663317","889247"
"10663471","1513919"
"10663481","3350373"
"10663954","1216806"
"10664397","1813679"
"10664397","2291437"
"10664611","3660860"
"10665005","2866726"
"10665587","2167150"
"10666181","1000336"
"10666772","3782002"
"10668744","2053464"
"10669032","1654392"
"10669626","2812330"
"10670169","1183727"
"10670169","1512920"
"10670169","1718529"
"10670169","1889628"
"10670169","2059554"
"10670169","2059555"
"10670169","3006344"
"10670169","914907"
"10673670","1915747"
"10673766","1509006"
"10673766","1727278"
"10673766","1781837"
"10673766","3814365"
"10673786","3080835"
"10675541","968056"
"10675917","1644118"
"10677151","850151"
"10677625","1584840"
"10678538","2562297"
"10678538","3851985"
"10678940","2239336"
"10679271","1786511"
"10679271","2489473"
"10679829","1160903"
"10679829","1646583"
"10679829","1718728"
"10679829","2103909"
"10679829","2686598"
"10679829","3006315"
"10679829","914907"
"10679829","930838"
"10680320","1668727"
"10680713","848524"
"10681135","822592"
"10681163","2057346"
"10681313","946156"
"10681841","2456566"
"10681841","2510702"
"10681956","1435240"
"10682336","1810117"
"10682488","2597645"
"10682640","2256704"
"10682640","2450424"
"10682827","3765519"
"10682874","798207"
"10684053","1583230"
"10684053","919429"
"10684478","980232"
"10684485","1737113"
"10685756","2239885"
"10687396","2165993"
"10687576","1143585"
"10688009","1477709"
"10688009","1498810"
"10688009","1578068"
"10688009","1621888"
"10688009","1876388"
"10688009","2023452"
"10688009","2113463"
"10688009","2146038"
"10688009","2150950"
"10688009","2281966"
"10688009","2626061"
"10688009","2872736"
"10688155","2892138"
"10689022","888425"
"10690150","1998911"
"10690605","946560"
"10690934","2090961"
"10692097","1135571"
"10692119","874708"
"10692671","1462676"
"10693195","1742150"
"10693257","850151"
"10694582","1029869"
"10694582","2207475"
"10694582","2375701"
"10694582","3154939"
"10694582","3296429"
"10694582","849086"
"10694582","924607"
"10694582","957196"
"10695259","1666487"
"10695575","2068272"
"10695746","1183358"
"10695957","3563293"
"10695999","1622604"
"10695999","3796583"
"10695999","841290"
"10696306","954913"
"10696456","2950724"
"10696531","1711594"
"10697066","2127963"
"10697419","771945"
"10697419","771963"
"10697520","1210850"
"10697713","3203836"
"10698441","780674"
"10699053","1194382"
"10699745","1961267"
"10700143","1806920"
"10700226","1639254"
"10700507","824587"
"10700905","1019522"
"10700905","1183358"
"10701461","1547231"
"10701931","2264358"
"10702753","1079372"
"10703411","1140823"
"10703570","1707915"
"10703744","1140823"
"10704575","3552507"
"10704660","2090703"
"10704870","3783069"
"10704908","960360"
"10705617","1433127"
"10705689","2760454"
"10705718","897657"
"10705860","1954106"
"10705865","1411156"
"10705865","1684290"
"10705865","2880007"
"10706302","2136912"
"10706673","838866"
"10706776","1793787"
"10707824","1516629"
"10707897","1632205"
"10707897","842598"
"10708101","2194960"
"10708101","2218736"
"10708451","2538903"
"10708611","1185258"
"10709126","2297525"
"10709126","3622084"
"10709303","3373107"
"10709532","1751120"
"10709717","1818327"
"10709768","2551554"
"10710467","1413996"
"10710555","1679991"
"10710589","2175579"
"10711547","2768146"
"10711547","2915257"
"10712275","2298881"
"10712459","1707148"
"10712459","2834195"
"10712459","851009"
"10712677","2722601"
"10713193","873780"
"10713319","653825"
"10713815","2844678"
"10713936","1679702"
"10714279","2113463"
"10714372","1666538"
"10714429","1519512"
"10714671","1021004"
"10714949","778450"
"10715188","1830403"
"10716181","935202"
"10716396","1030298"
"10716430","1795756"
"10716430","1896017"
"10716612","3113149"
"10717090","2183519"
"10717090","2599927"
"10717090","2942119"
"10717090","3554242"
"10717090","3608595"
"10717383","3434398"
"10717489","757479"
"10717697","3137478"
"10717757","1013418"
"10718389","1518875"
"10718595","1653185"
"10718595","1666970"
"10718595","1711095"
"10719340","846386"
"10719625","2112267"
"10721529","1046785"
"10721529","1066714"
"10721529","1072082"
"10721529","1478025"
"10721529","1522406"
"10721529","1539610"
"10721529","1704558"
"10721529","1718692"
"10721529","1748407"
"10721529","1749440"
"10721529","1753146"
"10721529","1806919"
"10721529","1878963"
"10721529","1961267"
"10721529","2003406"
"10721529","2010696"
"10721529","2208335"
"10721529","2736018"
"10721529","3020348"
"10721529","3197296"
"10721529","3295284"
"10721529","3491734"
"10721529","3525851"
"10721529","3656414"
"10721529","840299"
"10721529","851270"
"10721529","891585"
"10721529","893962"
"10721529","898976"
"10721605","4046400"
"10722080","2815531"
"10722080","2962801"
"10722258","1156155"
"10722258","792720"
"10722258","816873"
"10722949","1848990"
"10722949","1905713"
"10722983","1511954"
"10723256","1161372"
"10723601","842146"
"10723857","631973"
"10724244","2292494"
"10724674","792546"
"10724882","1399196"
"10725211","871701"
"10725378","976849"
"10725426","1896047"
"10725426","2090990"
"10725426","2136826"
"10726550","3072707"
"10726957","880025"
"10727160","1193929"
"10727160","1559542"
"10727160","2025700"
"10727160","2113374"
"10727160","2449957"
"10727160","2476259"
"10727160","2586721"
"10727160","3058120"
"10727160","3451912"
"10727160","3469813"
"10727160","3899249"
"10727992","1807347"
"10727992","757283"
"10727992","763123"
"10727992","763218"
"10727992","784009"
"10728096","2569806"
"10728456","1939753"
"10728456","2996591"
"10729011","3350367"
"10729011","3433675"
"10729011","3491852"
"10729011","3689903"
"10729011","3995113"
"10729488","2932646"
"10729488","3749362"
"10729577","1423253"
"10729577","1573534"
"10729977","3242928"
"10730110","1490309"
"10730110","1725138"
"10730677","1093949"
"10730929","836001"
"10730956","1620787"
"10731156","1020830"
"10731156","905326"
"10731407","1183358"
"10731795","2379088"
"10731795","2915329"
"10731795","3743169"
"10732243","1563192"
"10732243","848457"
