"611672","10000376"
"611701","10466792"
"611711","10947560"
"611713","10990328"
"611731","15662308"
"611762","16190960"
"611775","16913492"
"611791","17465915"
"611794","17465939"
"611845","10000376"
"611902","16332136"
"611952","17117935"
"611980","17336817"
"612002","17433996"
"612004","17435942"
"612009","17437156"
"612019","17439596"
"612088","10000376"
"612097","10000376"
"612127","15680420"
"612153","16577745"
"612213","16899150"
"612216","16909474"
"612217","16921296"
"612259","17210751"
"612309","17060692"
"612321","15714997"
"612338","10183207"
"612371","10183207"
"612373","10183207"
"612382","10183207"
"612457","17372672"
"612487","15063502"
"612492","16139614"
"612527","16519244"
"612558","17037963"
"612581","16204634"
"612596","17414752"
"612600","16812403"
"612628","16299875"
"612643","16180716"
"612665","15937463"
"612668","15937463"
"612688","16971378"
"612710","16968892"
"612735","16923174"
"612737","17419208"
"612783","10407733"
"612786","16647406"
"612828","16699347"
"612881","17385883"
"612887","16196494"
"612902","16203276"
"612927","17289947"
"612936","16058239"
"612960","16641505"
"612971","17102124"
"612989","15765997"
"613031","15995235"
"613064","16735377"
"613104","17394189"
"613144","16974693"
"613150","17430087"
"613162","17429190"
"613171","17405775"
"613226","17234639"
"613247","15751641"
"613251","15751641"
"613258","17246506"
"613259","17246506"
"613270","17415643"
"613312","17395967"
"613333","17369877"
"613335","17369877"
"613339","17365523"
"613342","16627702"
"613362","17211889"
"613371","16624144"
"613474","16612918"
"613496","17311782"
"613497","16992861"
"613499","15017756"
"613508","17364125"
"613511","17364125"
"613515","16773878"
"613568","16109222"
"613586","16615570"
"613602","17361564"
"613652","16625843"
"613718","17439864"
"613734","15724609"
"613738","17190522"
"613762","17456525"
"613801","17473105"
"613811","17474669"
"613866","17123063"
"613892","17370711"
"613896","17370711"
"613911","17370711"
"613919","10262527"
"613934","11067368"
"613954","15711078"
"613957","15722066"
"614039","17333654"
"614044","17341628"
"614059","17364680"
"614076","17376030"
"614096","17376213"
"614108","17376228"
"614138","17376860"
"614148","17377442"
"614157","17377449"
"614196","17377907"
"614225","17384881"
"614236","17387348"
"614244","17388994"
"614247","17388994"
"614251","17388994"
"614340","17103886"
"614392","15008093"
"614436","16669540"
"614453","16812675"
"614460","16903437"
"614491","17344010"
"614495","17362138"
"614540","17029360"
"614544","17060822"
"614552","16918352"
"614566","16269179"
"614570","17355275"
"614572","16979866"
"614595","17384061"
"614606","10629198"
"614611","17060822"
"614681","17473570"
"614696","17473760"
"614709","17123576"
"614722","10000376"
"614724","17157030"
"614728","17060080"
"614734","16660360"
"614762","17432288"
"614769","17449480"
"614807","16769483"
"614826","15766270"
"614867","15766270"
"614913","15766270"
"614962","15766270"
"614969","15766270"
"614997","17139549"
"614998","17139549"
"615005","17161147"
"615020","17348847"
"615055","15831412"
"615066","16695072"
"615090","16932150"
"615151","17390904"
"615250","16601776"
"615267","17341720"
"615317","17045743"
"615327","17217423"
"615345","11115018"
"615397","16905479"
"615411","17020782"
"615463","17119100"
"615486","17106784"
"615511","17118612"
"615566","16999922"
"615600","17028353"
"615619","16993683"
"615633","17243470"
"615652","17142217"
"615662","17127536"
"615684","17156219"
"615693","16306566"
"615696","17166746"
"615799","17328820"
"615827","17016136"
"615865","16985230"
"615884","17199491"
"615922","17045413"
"615946","16547525"
"615956","17023092"
"615971","17035822"
"615977","17264695"
"615983","16964237"
"616001","10968740"
"616034","17150560"
"616051","17204798"
"616056","17029558"
"616085","17167457"
"616095","10430061"
"616111","17125773"
"616125","17038348"
"616143","17149188"
"616177","17104745"
"616182","17132955"
"616202","17232988"
"616217","17238974"
"616218","17280191"
"616227","17045452"
"616252","17068396"
"616258","17008467"
"616273","10598769"
"616279","16971390"
"616295","17321414"
"616336","17243898"
"616358","17065661"
"616362","16650049"
"616414","16968515"
"616416","11036038"
"616458","17236597"
"616465","17331351"
"616477","17077693"
"616510","17031321"
"616524","17052113"
"616571","17238496"
"616579","17129264"
"616602","17060770"
"616649","17061617"
"616658","17040216"
"616681","17095549"
"616716","17124504"
"616722","17031015"
"616730","16991008"
"616734","15174805"
"616762","17188392"
"616781","17341398"
"616827","17132263"
"616852","17087580"
"616853","16976905"
"616907","17333591"
"616909","15528038"
"616912","17397690"
"616914","17399651"
"616990","17434763"
"617040","16845330"
"617044","16711542"
"617046","16797470"
"617079","16626214"
"617105","16608789"
"617111","17106293"
"617119","16590307"
"617150","17468854"
"617188","17021973"
"617201","17053720"
"617228","17098554"
"617242","17442443"
"617254","10021753"
"617282","16372259"
"617289","16914910"
"617292","16970294"
"617295","17027962"
"617324","17382699"
"617329","17411411"
"617336","17467626"
"617354","16085222"
"617404","16623999"
"617474","16794001"
"617500","16944835"
"617502","16975843"
"617517","17044244"
"617533","17181581"
"617538","17293067"
"617570","17414669"
"617578","17448332"
"617582","17460410"
"617603","16831782"
"617606","16944305"
"617649","16550972"
"617679","17205859"
"617685","17397981"
"617728","16519244"
"617729","16519244"
"617767","16729167"
"617854","16661150"
"617905","16922951"
"617908","16952287"
"617933","17241527"
"617952","17428476"
"617966","10457523"
"617968","10714545"
"617974","11104391"
"617987","15572224"
"618021","16213611"
"618050","16306105"
"618060","16311372"
"618081","16316923"
"618094","16316923"
"618102","16316923"
"618117","16316923"
"618152","16325977"
"618163","16340040"
"618194","16401275"
"618207","16532310"
"618219","16558422"
"618220","16558422"
"618237","16581204"
"618242","16582984"
"618283","16655408"
"618337","16711835"
"618338","16711835"
"618343","16711835"
"618344","16711835"
"618350","16721204"
"618351","16721337"
"618360","16732855"
"618377","16783343"
"618379","16793456"
"618385","16803506"
"618398","16846325"
"618410","16868244"
"618414","16868244"
"618419","16868244"
"618446","16906636"
"618453","16912898"
"618454","16913702"
"618458","16913702"
"618466","16918341"
"618468","16923941"
"618487","16947541"
"618507","17041854"
"618518","17065000"
"618524","17065000"
"618531","17123286"
"618553","17341206"
"618555","17354768"
"618571","17369838"
"618577","17375236"
"618586","17398839"
"618592","17407502"
"618604","17429304"
"618610","17431717"
"618623","15806505"
"618681","17472761"
"618686","16047157"
"618695","16913666"
"618708","17370103"
"618723","16129748"
"618751","16924141"
"618781","16262041"
"618788","16266227"
"618814","16865695"
"618874","16575416"
"618883","16212536"
"618885","17450110"
"618917","17078598"
"618932","10477287"
"618941","17094427"
"618978","11104345"
"618984","11104345"
"619065","11104345"
"619070","11104345"
"619081","11104345"
"619093","11104345"
"619096","11104345"
"619108","11104345"
"619129","11104345"
"619174","11104345"
"619211","11104345"
"619231","11104345"
"619244","11104345"
"619287","16305169"
"619323","16891503"
"619340","17340162"
"619383","16805046"
"619396","16893169"
"619423","17001280"
"619525","10525163"
"619546","11207490"
"619573","15880660"
"619580","16175367"
"619596","11251107"
"619604","11026449"
"619616","15721799"
"619630","16883194"
"619634","16158471"
"619657","10546674"
"619664","17049527"
"619678","11110871"
"619699","16603348"
"619746","17309586"
"619747","10212562"
"619812","17012630"
"619818","17311414"
"619827","16774755"
"619830","16774755"
"619850","11251107"
"619865","17313619"
"619899","16901971"
"619901","15048251"
"619992","17324767"
"620000","10493148"
"620021","16683785"
"620028","16906829"
"620064","17013188"
"620074","17033449"
"620162","17334823"
"620233","17337442"
"620242","15674986"
"620261","16900273"
"620296","17013188"
"620327","17092701"
"620380","17137581"
"620396","15772908"
"620413","16813888"
"620426","17278465"
"620433","15745032"
"620439","17413308"
"620455","17364574"
"620488","16134329"
"620503","17074317"
"620557","16085432"
"620563","16085432"
"620582","16086882"
"620647","11027194"
"620649","11138619"
"620670","15570711"
"620718","17396999"
"620730","11276706"
"620774","15508611"
"620780","15963601"
"620783","16140515"
"620787","16878802"
"620809","17448790"
"620819","15864290"
"620841","11225961"
"620874","17130395"
"620889","17413624"
"620908","16053508"
"620956","17382126"
"621003","15831354"
"621034","17445334"
"621035","17445334"
"621048","16774401"
"621051","16910567"
"621067","15533188"
"621076","15738800"
"621083","16297087"
"621115","10355911"
"621162","11092244"
"621187","15007226"
"621228","10051950"
"621229","10051950"
"621265","17445705"
"621329","16337953"
"621364","10858198"
"621376","10893326"
"621407","11058984"
"621422","11206761"
"621440","11391231"
"621471","15651218"
"621484","15735612"
"621511","15842812"
"621554","16292047"
"621561","16555776"
"621567","16589411"
"621574","16649816"
"621601","16673060"
"621638","16768085"
"621704","16834431"
"621731","16887885"
"621772","17045084"
"621806","17107516"
"621841","17126246"
"621846","17127645"
"621850","17128384"
"621874","17163093"
"621891","17210171"
"621894","17210171"
"621915","17220666"
"621930","17247202"
"621934","17247742"
"621937","17251437"
"621967","17261452"
"621981","17266147"
"621995","17268177"
"622025","17377683"
"622030","17443975"
"622041","15660511"
"622060","10724674"
"622096","16093144"
"622113","16913963"
"622132","11311231"
"622143","16788618"
"622154","17360023"
"622170","16356753"
"622188","15555328"
"622196","16633678"
"622208","17428341"
"622211","15553730"
"622257","15729393"
"622277","15730638"
"622291","16094689"
"622293","16139759"
"622309","16342251"
"622346","17102124"
"622360","17243839"
"622433","17431183"
"622479","17452340"
"622482","17454470"
"622497","17463664"
"622508","16600123"
"622529","10861150"
"622549","10861150"
"622556","17123530"
"622575","10861150"
"622577","10861150"
"622589","17123530"
"622628","16791897"
"622667","17123530"
"622673","15744984"
"622675","15819842"
"622729","10000376"
"622738","10000376"
"622746","10000376"
"622757","10000376"
"622787","16036754"
"622791","16326054"
"622812","15892175"
"622820","16896118"
"622840","17333263"
"622886","15608475"
"622896","10187222"
"622904","11164363"
"622905","11174538"
"622922","16148509"
"622963","15681978"
"622970","15695188"
"622972","15695188"
"623009","17427812"
"623010","17427812"
"623011","17431200"
"623014","10187222"
"623025","15636562"
"623032","16614231"
"623036","16700244"
"623081","10760254"
"623092","15039111"
"623115","16660712"
"623145","10374288"
"623157","17335430"
"623180","16866072"
"623213","17044164"
"623231","17044164"
"623260","10401734"
"623293","15699437"
"623323","17374322"
"623333","16795852"
"623339","17010772"
"623342","17358538"
"623346","11126429"
"623347","15622252"
"623357","17469046"
"623374","15944894"
"623378","16944789"
"623380","17239155"
"623388","15475221"
"623424","17143333"
"623425","17149645"
"623458","17369076"
"623461","17369076"
"623468","17376064"
"623541","17379491"
"623571","17396729"
"623626","17453077"
"623653","15753724"
"623711","16360651"
"623721","16788032"
"623775","17278173"
"623798","17366680"
"623825","16376115"
"623830","16890010"
"623838","17282101"
"623886","17008340"
"623902","17349642"
"623945","15662543"
"623974","17076271"
"623975","16630557"
"623985","17135965"
"624000","11405112"
"624006","15739314"
"624033","16869875"
"624036","16912648"
"624044","17086902"
"624114","10959566"
"624117","15660857"
"624139","16117537"
"624194","16658583"
"624203","16118746"
"624244","17406733"
"624247","15802650"
"624337","16336382"
"624367","17134242"
"624391","16076696"
"624418","17092771"
"624438","17161086"
"624444","17235907"
"624450","17119714"
"624459","17303304"
"624500","17164412"
"624505","17156475"
"624513","17019856"
"624597","16166753"
"624612","17246094"
"624631","17334521"
"624647","17338682"
"624677","17348154"
"624682","17348344"
"624700","17201322"
"624721","17331837"
"624737","17347135"
"624743","17158200"
"624760","17277940"
"624768","16873287"
"624782","17352007"
"624844","17131777"
"624868","17142521"
"624887","17114339"
"624897","17132860"
"624906","17253785"
"624938","17132860"
"624961","17374370"
"624972","17144943"
"624989","17374522"
"625012","17062629"
"625015","17388362"
"625016","17394509"
"625051","16983034"
"625067","17380457"
"625079","17394533"
"625082","17401300"
"625092","17056998"
"625107","17331206"
"625140","17331837"
"625187","17083838"
"625204","17413731"
"625208","16996884"
"625217","17343994"
"625228","16077335"
"625248","17019782"
"625252","17325061"
"625257","17328241"
"625269","17416041"
"625302","17437618"
"625314","17120198"
"625320","17419862"
"625326","17043509"
"625353","17069097"
"625360","17390768"
"625412","16986660"
"625425","17386084"
"625438","17348142"
"625439","17132917"
"625442","17455171"
"625460","17103015"
"625473","17437675"
"625477","17454102"
"625503","17086837"
"625541","17438152"
"625565","17218949"
"625604","17142363"
"625616","17472399"
"625653","17417291"
"625654","17438152"
"625661","17446590"
"625672","17475814"
"625709","16404360"
"625711","16576781"
"625758","17146045"
"625773","17174679"
"625825","15767129"
"625860","17406032"
"625874","15499279"
"625909","15469146"
"625922","17333357"
"625972","17349512"
"625974","17349512"
"626023","17278915"
"626025","17028823"
"626027","16581172"
"626030","16349799"
"626080","17448773"
"626096","16889459"
"626100","17278915"
"626110","16417767"
"626182","10332639"
"626184","17114037"
"626237","15499279"
"626239","16254227"
"626251","16831540"
"626295","15537437"
"626299","17476163"
"626300","10453768"
"626332","16914232"
"626386","17400123"
"626396","10821671"
"626412","17347889"
"626426","17465754"
"626448","15789663"
"626450","15972950"
"626461","16044065"
"626479","16257139"
"626494","16776781"
"626524","17091439"
"626574","17423010"
"626607","17316525"
"626658","17333263"
"626673","17473938"
"626712","15531496"
"626728","15763124"
"626735","15845128"
"626757","16021956"
"626764","16064236"
"626779","16137876"
"626790","16210542"
"626811","16277436"
"626834","16374536"
"626869","16629856"
"626883","16700209"
"626946","16846339"
"626966","16897466"
"626981","16997649"
"627005","17210099"
"627022","17323301"
"627029","17346131"
"627030","17346199"
"627059","17362635"
"627070","17367683"
"627073","17368042"
"627075","17368105"
"627099","17380051"
"627102","17380051"
"627106","17386321"
"627138","17425772"
"627140","17429297"
"627166","16126195"
"627167","16126195"
"627243","16885072"
"627247","10610655"
"627270","16769314"
"627278","17203075"
"627351","15911858"
"627356","16065479"
"627398","17339120"
"627420","17463377"
"627451","15663651"
"627456","15672289"
"627474","15966052"
"627481","15966052"
"627506","16670481"
"627516","16816214"
"627525","16956236"
"627539","17128218"
"627542","17140578"
"627561","17375643"
"627619","16897043"
"627630","17009705"
"627647","16881293"
"627673","10950149"
"627731","16816333"
"627737","17253496"
"627755","17215299"
"627773","17068702"
"627776","16706519"
"627789","17420994"
"627818","17119747"
"627848","16165527"
"627856","17339120"
"627903","17142182"
"627913","17364195"
"627941","17372778"
"627947","17383930"
"627967","17015256"
"628002","17417497"
"628005","16777006"
"628007","16777006"
"628009","17426588"
"628043","16279058"
"628053","11261323"
"628079","15941531"
"628110","17008346"
"628126","17147403"
"628128","10794840"
"628130","17352535"
"628131","16612245"
"628157","17024576"
"628191","17348595"
"628236","17037270"
"628241","17047934"
"628266","17443044"
"628282","16924206"
"628298","17467489"
"628387","17336394"
"628388","17336983"
"628414","17460666"
"628425","10519412"
"628433","15752874"
"628437","16275170"
"628451","17422147"
"628459","11313288"
"628501","17265441"
"628580","15744758"
"628617","16210509"
"628621","16232509"
"628705","17373095"
"628711","17388983"
"628762","10217680"
"628766","10845582"
"628787","15481147"
"628813","16169419"
"628818","16184016"
"628933","17016375"
"628945","17057992"
"628960","17099239"
"629001","17293376"
"629021","17337885"
"629023","17339236"
"629098","17352395"
"629112","17355447"
"629113","17355532"
"629143","17360556"
"629151","17363656"
"629160","17364542"
"629161","17365518"
"629237","17420983"
"629338","17340031"
"629470","17340535"
"629484","17357552"
"629516","17352790"
"629528","17361715"
"629570","17149305"
"629576","17363656"
"629595","17376912"
"629633","17389616"
"629665","17281981"
"629725","17031955"
"629741","17416409"
"629765","17418950"
"629778","17404814"
"629788","17005810"
"629799","17425836"
"629800","17379071"
"629839","17422499"
"629885","16982032"
"629888","17444286"
"629912","16123502"
"629921","17449320"
"629928","16918207"
"629995","17417230"
"630037","17417230"
"630077","17117338"
"630084","17417230"
"630086","17417230"
"630103","17445157"
"630105","17340535"
"630136","17417230"
"630137","17417230"
"630140","17417230"
"630144","17417230"
"630148","17417230"
"630163","17443044"
"630185","17468996"
"630196","17348730"
"630270","15490273"
"630296","16880714"
"630321","16549799"
"630353","16827519"
"630382","11313288"
"630435","16110662"
"630442","16197529"
"630461","16759679"
"630489","17062776"
"630505","17261915"
"630508","17264596"
"630526","17350412"
"630594","10000376"
"630602","10000376"
"630641","10000376"
"630681","10115278"
"630745","10522731"
"630780","10802593"
"630784","10802593"
"630787","10802593"
"630803","10920027"
"630817","10988166"
"630819","10989476"
"630840","11129826"
"630842","11133387"
"630848","11178419"
"630904","11382781"
"630928","15037827"
"630990","15567922"
"631010","15607610"
"631012","15611988"
"631042","15648782"
"631061","15670721"
"631109","15718727"
"631128","15736868"
"631129","15736868"
"631183","15797495"
"631187","15797811"
"631193","15799932"
"631196","15800538"
"631212","15835011"
"631264","15915101"
"631325","15991930"
"631350","16016934"
"631356","16023950"
"631388","16063219"
"631398","16066980"
"631425","16109331"
"631433","16117426"
"631446","16122881"
"631453","16129906"
"631478","16155420"
"631505","16184386"
"631531","16209261"
"631534","16210721"
"631576","16240661"
"631587","16249197"
"631599","16250872"
"631645","16280614"
"631647","16280614"
"631671","16299852"
"631672","16299875"
"631692","16315268"
"631722","16343706"
"631737","16356457"
"631744","16365529"
"631748","16369834"
"631749","16370916"
"631750","16370916"
"631790","16400700"
"631831","16500165"
"631853","16560769"
"631869","16573837"
"631898","16597726"
"631929","16617977"
"631967","16628313"
"631968","16628313"
"631979","16633714"
"631998","16645299"
"632003","16646736"
"632009","16647406"
"632056","16666594"
"632064","16672858"
"632089","16684323"
"632100","16687556"
"632102","16687556"
"632116","16693176"
"632120","16694416"
"632143","16707708"
"632148","16710847"
"632151","16713027"
"632164","16718927"
"632228","16747073"
"632247","16760671"
"632254","16767750"
"632267","16774925"
"632287","16781199"
"632301","16783597"
"632312","16786091"
"632348","16796953"
"632381","16806458"
"632400","16814577"
"632419","16826262"
"632464","16844026"
"632469","16844883"
"632478","16846280"
"632490","16846937"
"632545","16882833"
"632551","16886885"
"632573","16893407"
"632601","16900549"
"632605","16900607"
"632614","16901558"
"632670","16918855"
"632672","16919384"
"632811","16956429"
"632846","16969512"
"632853","16970547"
"632890","16977453"
"632939","16986043"
"632940","16986338"
"632975","16990407"
"632981","16990566"
"632992","16992738"
"633087","17000856"
"633092","17001991"
"633093","17001991"
"633129","17008192"
"633154","17013281"
"633177","17016042"
"633198","17019481"
"633231","17026462"
"633238","17028717"
"633240","17029350"
"633244","17029866"
"633260","17033134"
"633270","17034942"
"633288","17037506"
"633292","17037779"
"633296","17038403"
"633327","17043774"
"633341","17047023"
"633390","17052523"
"633412","17058034"
"633424","17060314"
"633439","17064918"
"633446","17065684"
"633498","17074180"
"633509","17076526"
"633535","17085335"
"633559","17088323"
"633560","17088997"
"633585","17096831"
"633632","17109569"
"633676","17119710"
"633681","17121899"
"633691","17124991"
"633729","17136175"
"633803","17163775"
"633847","17237957"
"633882","17280037"
"633905","17310908"
"633918","17332840"
"633919","17333354"
"633926","17337615"
"634006","17378915"
"634011","17386086"
"634017","17388972"
"634022","17394564"
"634025","17395738"
"634029","17398551"
"634036","17401606"
"634093","17461841"
"634110","10000376"
"634149","15646315"
"634156","15718727"
"634158","15718727"
"634172","15907718"
"634173","15908706"
"634253","16370916"
"634259","16544969"
"634272","16594725"
"634284","16624931"
"634288","16631490"
"634302","16647406"
"634305","16647406"
"634320","16664983"
"634333","16684362"
"634336","16684362"
"634363","16706211"
"634396","16781199"
"634397","16795101"
"634398","16795470"
"634413","16805119"
"634439","16823230"
"634446","16850766"
"634478","16910425"
"634487","16930043"
"634516","16949482"
"634530","16949942"
"634539","16949942"
"634674","17019031"
"634684","17034221"
"634697","17044084"
"634711","17067364"
"634751","17145899"
"634753","17151791"
"634777","17240196"
"634778","17242153"
"634780","17245416"
"634816","17308056"
"634822","17340076"
"634827","17348595"
"634851","17428027"
"634883","10000376"
"634897","16615743"
"634938","10113840"
"634972","16048666"
"634982","15007341"
"634991","15966063"
"635000","16928494"
"635005","16949110"
"635059","16449421"
"635070","15096465"
"635081","16774925"
"635101","16571048"
"635103","15850416"
"635123","10927388"
"635125","11079346"
"635128","10927388"
"635132","16663150"
"635136","16263729"
"635179","16784903"
"635196","15792364"
"635203","16597492"
"635215","16429745"
"635240","16799425"
"635271","10925650"
"635306","16197162"
"635321","16884216"
"635328","16627276"
"635335","16941258"
"635350","16118722"
"635366","16957466"
"635394","15932029"
"635400","15698942"
"635416","16938168"
"635434","15490866"
"635476","10282350"
"635536","10633000"
"635543","16682216"
"635568","16942636"
"635571","15905364"
"635588","16418541"
"635619","10844975"
"635638","15534948"
"635666","16780981"
"635672","16909120"
"635683","16916925"
"635745","16118959"
"635879","16864066"
"635883","16884495"
"635929","16991126"
"635947","16907992"
"635948","16907992"
"635955","16907709"
"635982","10861141"
"636018","16658720"
"636037","16110310"
"636044","16724806"
"636062","16713905"
"636085","16985174"
"636110","17014872"
"636115","16978700"
"636137","15745567"
"636165","16326002"
"636168","16931923"
"636173","16990456"
"636177","16370916"
"636179","17011701"
"636183","16968892"
"636201","16949217"
"636213","15591371"
"636220","16820350"
"636254","10254626"
"636334","16240661"
"636370","17061664"
"636391","16930077"
"636393","16770991"
"636467","17088323"
"636504","17101480"
"636556","10052704"
"636568","17015256"
"636587","17129378"
"636589","16915997"
"636610","16204634"
"636619","17019812"
"636642","17146726"
"636685","17052827"
"636696","15850874"
"636701","15666467"
"636724","17179517"
"636728","16257139"
"636732","17144996"
"636745","17151791"
"636802","16720722"
"636815","17086792"
"636826","17234915"
"636865","17330803"
"636921","17337574"
"636922","17342382"
"636936","16741243"
"636952","10545121"
"636996","17376297"
"637030","15627026"
"637058","17124395"
"637060","17401086"
"637085","15621104"
"637101","17369854"
"637123","17442207"
"637126","17446296"
"637164","17457511"
"637178","10395587"
"637197","17474630"
"637223","16946230"
"637257","16129906"
"637263","16891383"
"637265","16129906"
"637274","16891383"
"637280","16891383"
"637297","16627276"
"637312","10152910"
"637313","10152910"
"637314","10152910"
"637327","16838172"
"637408","16129906"
"637499","10809838"
"637503","16580509"
"637506","16867498"
"637519","16705550"
"637534","16072343"
"637549","11229156"
"637564","16647406"
"637578","16628985"
"637602","16951832"
"637616","16953709"
"637623","16129906"
"637650","16783597"
"637656","16954398"
"637657","16945342"
"637662","16924661"
"637670","16153907"
"637708","15981155"
"637746","16923744"
"637769","16970179"
"637797","16921355"
"637817","16582413"
"637823","16865843"
"637824","16880652"
"637868","16776089"
"637880","16204627"
"637888","15551171"
"637908","16963354"
"637923","16967976"
"637943","16939803"
"637956","15866533"
"637994","16979892"
"638004","16792160"
"638036","16797204"
"638055","15675948"
"638056","10054917"
"638062","16971554"
"638117","16901558"
"638127","17019141"
"638134","17014221"
"638141","17028384"
"638151","17032599"
"638154","16998578"
"638156","10524007"
"638240","16009936"
"638324","15509021"
"638336","17099325"
"638386","15760542"
"638405","17095851"
"638406","16379218"
"638410","17074016"
"638433","16987427"
"638442","16937095"
"638453","17262484"
"638454","15994210"
"638472","16664983"
"638487","16333280"
"638512","17346503"
"638513","16877277"
"638531","15712579"
"638543","17360556"
"638546","17365086"
"638556","17376297"
"638572","17397647"
"638608","17406991"
"638610","15870583"
"638624","17256669"
"638679","10896742"
"638701","16882695"
"638711","10000376"
"638726","16947152"
"638753","16944097"
"638780","16948261"
"638791","16129906"
"638801","10489496"
"638805","16810502"
"638813","16129906"
"638819","10489496"
"638849","10489496"
"638862","15864330"
"638876","16827843"
"638895","16887971"
"638896","16915996"
"638904","11299672"
"638922","16597492"
"638927","15538555"
"638933","10419867"
"638943","15958434"
"638975","16895301"
"638990","16893203"
"639020","16129906"
"639023","16858697"
"639063","16675265"
"639080","16912310"
"639109","16273969"
"639114","16722138"
"639130","16878941"
"639135","16849585"
"639144","16386563"
"639166","16557035"
"639195","16214786"
"639197","16775335"
"639258","16389318"
"639260","15107970"
"639284","16319343"
"639305","16912327"
"639329","16919951"
"639331","16703607"
"639373","10717578"
"639418","16891335"
"639445","16549799"
"639457","16922595"
"639460","16745377"
"639493","16349739"
"639540","16920879"
"639553","16678110"
"639563","16900446"
"639567","16921274"
"639582","16923808"
"639611","15596019"
"639620","16648744"
"639623","16213033"
"639638","16886587"
"639639","16833557"
"639665","16097639"
"639681","16245708"
"639690","16587358"
"639691","16722089"
"639732","16926168"
"639742","16003292"
"639751","16901847"
"639762","16795034"
"639765","16703513"
"639782","16282154"
"639861","16405513"
"639862","16702702"
"639887","16101402"
"639903","16792033"
"639913","16906359"
"639935","16930750"
"639953","16700178"
"639971","16719844"
"640006","15717642"
"640011","16907712"
"640076","16937105"
"640082","15608333"
"640114","16660185"
"640158","15098761"
"640161","15638478"
"640185","11102013"
"640188","16457112"
"640204","15890567"
"640220","10072747"
"640234","16724191"
"640240","16641492"
"640324","15758314"
"640325","15954665"
"640335","10097498"
"640364","15594628"
"640380","16942012"
"640402","16623976"
"640417","16735076"
"640420","16796954"
"640449","16886011"
"640455","16645462"
"640506","16944920"
"640515","10067851"
"640520","16899962"
"640533","16123703"
"640555","16882350"
"640585","16474290"
"640644","16944665"
"640651","16942004"
"640681","16942164"
"640682","16944533"
"640683","16107119"
"640692","16771932"
"640693","16945477"
"640705","16945311"
"640729","16153818"
"640737","15959046"
"640780","16954396"
"640814","15620387"
"640818","16927044"
"640820","16956429"
"640838","16348548"
"640846","16793422"
"640861","16831981"
"640873","16899700"
"640900","15932301"
"640910","16968821"
"640913","15096465"
"640949","16970179"
"641006","16764387"
"641034","16085652"
"641077","16810239"
"641080","16975083"
"641089","15560075"
"641098","11345162"
"641122","16916925"
"641123","16208884"
"641169","16119242"
"641175","16925041"
"641192","16246937"
"641193","16642911"
"641255","16856579"
"641275","16952641"
"641282","16998251"
"641395","17030293"
"641398","16984249"
"641442","16723196"
"641465","16434484"
"641517","10447017"
"641526","16551282"
"641610","16677237"
"641620","17088323"
"641637","17097408"
"641638","16752310"
"641645","16969614"
"641711","16118952"
"641718","16994635"
"641733","10056486"
"641741","16660185"
"641762","17050528"
"641795","17065514"
"641811","16924773"
"641870","16320553"
"641897","16970923"
"641935","15987803"
"641943","17109441"
"641952","16573972"
"641967","17102645"
"642017","17099505"
"642041","11096557"
"642047","17104248"
"642082","17125882"
"642089","16654121"
"642149","15654193"
"642173","17176798"
"642188","16736848"
"642199","10412953"
"642212","17216290"
"642229","16990566"
"642332","16333280"
"642361","17335957"
"642365","17123286"
"642372","17024222"
"642385","17343713"
"642386","17350943"
"642413","17308056"
"642452","17276575"
"642459","16371044"
"642470","16895514"
"642473","15177512"
"642482","16597869"
"642483","17388015"
"642495","17397647"
"642497","10372357"
"642500","17349577"
"642511","17316023"
"642524","16906636"
"642534","17093317"
"642566","17432839"
"642593","15710013"
"642596","17421001"
"642610","15495385"
"642614","17411099"
"642636","16615570"
"642652","16284558"
"642676","10005407"
"642685","10024600"
"642688","10052704"
"642705","10106384"
"642708","10113840"
"642721","10115278"
"642729","10120404"
"642785","10433344"
"642816","10545121"
"642851","10657585"
"642859","10657585"
"642889","10712459"
"642910","10846058"
"642912","10847946"
"642931","10910538"
"642985","11056698"
"642995","11081012"
"643027","11171024"
"643038","11227025"
"643051","11262799"
"643106","11379393"
"643115","11390236"
"643122","11400155"
"643125","11402853"
"643179","15058143"
"643188","15062926"
"643198","15063907"
"643248","15495385"
"643249","15495385"
"643280","15519797"
"643286","15527681"
"643306","15556448"
"643314","15561634"
"643324","15574544"
"643335","15580307"
"643356","15594628"
"643372","15608333"
"643456","15670098"
"643463","15674267"
"643491","15693350"
"643493","15693707"
"643502","15699212"
"643510","15707932"
"643524","15714067"
"643526","15714549"
"643536","15718727"
"643574","15736868"
"643577","15739049"
"643592","15743867"
"643602","15747353"
"643604","15747381"
"643623","15754826"
"643645","15776565"
"643646","15776936"
"643667","15792789"
"643693","15798398"
"643714","15805640"
"643735","15820398"
"643741","15826198"
"643758","15840045"
"643778","15855104"
"643796","15870583"
"643849","15905364"
"643884","15917809"
"643885","15917809"
"643967","15961073"
"643981","15965003"
"643986","15968753"
"644018","15985958"
"644032","15993850"
"644080","16012044"
"644110","16025517"
"644112","16025579"
"644153","16048204"
"644156","16050027"
"644181","16059911"
"644222","16075841"
"644246","16096192"
"644271","16107802"
"644272","16107802"
"644273","16107802"
"644275","16107802"
"644389","16129906"
"644430","16138277"
"644440","16141660"
"644452","16146126"
"644477","16152267"
"644488","16159340"
"644513","16173628"
"644517","16177094"
"644554","16200341"
"644584","16221771"
"644640","16240661"
"644662","16245659"
"644727","16259701"
"644803","16282991"
"644819","16290081"
"644907","16317451"
"644942","16333280"
"644991","16348548"
"645011","16354065"
"645019","16356104"
"645024","16358735"
"645070","16384201"
"645083","16389317"
"645094","16392143"
"645103","16397212"
"645116","16400700"
"645166","16446852"
"645182","16507645"
"645204","16552031"
"645248","16575543"
"645255","16576535"
"645290","16587707"
"645309","16597492"
"645324","16599927"
"645340","16606486"
"645363","16612245"
"645385","16618762"
"645390","16620334"
"645401","16621817"
"645403","16621822"
"645406","16622175"
"645432","16628359"
"645441","16630964"
"645444","16632340"
"645447","16634640"
"645473","16641622"
"645525","16658720"
"645526","16658720"
"645529","16659165"
"645588","16671583"
"645624","16684005"
"645630","16685781"
"645648","16690862"
"645676","16696507"
"645682","16697396"
"645697","16702084"
"645721","16708314"
"645728","16710671"
"645732","16711590"
"645790","16723433"
"645791","16723549"
"645798","16725560"
"645838","16738951"
"645841","16739127"
"645864","16742586"
"645872","16743602"
"645942","16763874"
"645962","16771616"
"645978","16775335"
"645988","16776507"
"646053","16783597"
"646084","16789929"
"646085","16789929"
"646106","16794203"
"646108","16795113"
"646110","16795470"
"646128","16797110"
"646165","16802383"
"646187","16807981"
"646215","16815427"
"646238","16820350"
"646262","16822225"
"646269","16822225"
"646289","16823230"
"646304","16825453"
"646312","16826694"
"646331","16829402"
"646344","16830282"
"646347","16830418"
"646348","16830418"
"646380","16841596"
"646400","16845791"
"646405","16846823"
"646427","16853061"
"646451","16858697"
"646493","16872966"
"646534","16881738"
"646543","16882764"
"646553","16883325"
"646554","16883325"
"646564","16885387"
"646571","16886619"
"646573","16886733"
"646578","16886960"
"646630","16891998"
"646646","16892808"
"646655","16893237"
"646669","16893907"
"646684","16894771"
"646685","16894771"
"646705","16896518"
"646718","16897703"
"646747","16900467"
"646769","16901558"
"646786","16902985"
"646825","16907967"
"646829","16907992"
"646867","16911366"
"646958","16917027"
"646993","16919634"
"647010","16920774"
"647013","16920879"
"647102","16926037"
"647103","16926064"
"647105","16926200"
"647112","16926419"
"647160","16928849"
"647214","16933434"
"647224","16936783"
"647241","16936998"
"647251","16938121"
"647253","16938212"
"647296","16940167"
"647312","16940218"
"647353","16944236"
"647420","16948323"
"647423","16948323"
"647425","16948386"
"647426","16948413"
"647427","16948487"
"647436","16949110"
"647456","16949110"
"647459","16949110"
"647493","16949942"
"647500","16949985"
"647530","16952831"
"647567","16956707"
"647576","16957646"
"647614","16967303"
"647628","16968511"
"647633","16968734"
"647684","16975296"
"647695","16979168"
"647715","16983498"
"647731","16985877"
"647766","16991160"
"647786","16994278"
"647802","16994481"
"647810","16996144"
"647820","16997525"
"647851","17003892"
"647888","17013164"
"647903","17016042"
"647911","17017629"
"647933","17022060"
"647943","17025351"
"647947","17027822"
"647958","17030230"
"647969","17033740"
"647988","17037779"
"647990","17038496"
"647997","17041255"
"648032","17051461"
"648038","17052827"
"648095","17076526"
"648130","17091614"
"648137","17092800"
"648141","17094254"
"648159","17106133"
"648194","17123758"
"648199","17125882"
"648265","17149549"
"648327","17209406"
"648340","17220577"
"648357","17244398"
"648396","17308636"
"648417","17337635"
"648422","17341790"
"648446","17350791"
"648462","17360549"
"648470","17364125"
"648473","17364125"
"648482","17365236"
"648550","17411099"
"648552","17414127"
"648561","17419985"
"648565","17422900"
"648590","17452017"
"648659","11330997"
"648661","15737018"
"648675","16823250"
"648690","16129906"
"648722","16129906"
"648742","16883084"
"648748","16129906"
"648762","16129906"
"648768","16129906"
"648779","16129906"
"648782","15698202"
"648783","16129906"
"648805","16059997"
"648811","16556303"
"648818","15546548"
"648839","16003292"
"648840","16597492"
"648843","16580509"
"648847","16580509"
"648850","16580509"
"648894","16850510"
"648896","10598879"
"648906","16883435"
"648924","16813435"
"648946","10797831"
"648956","10554059"
"648959","16873265"
"648987","15861982"
"649008","10015687"
"649024","16269518"
"649069","16580101"
"649159","15619434"
"649198","16141064"
"649232","16256153"
"649269","16857092"
"649272","15480706"
"649278","16130415"
"649285","16869980"
"649345","16695072"
"649370","16819483"
"649405","15576060"
"649430","16147373"
"649431","16147373"
"649442","16115436"
"649456","16720722"
"649459","16720722"
"649490","16660569"
"649496","16251070"
"649542","10809578"
"649558","16895538"
"649595","16797110"
"649616","16247062"
"649639","16033662"
"649682","16358444"
"649688","16624396"
"649722","16899130"
"649729","16251314"
"649732","16903409"
"649741","16842980"
"649795","16693827"
"649808","15793381"
"649811","16235314"
"649815","16714510"
"649822","16270944"
"649827","16816405"
"649832","16901378"
"649844","16555099"
"649853","16708255"
"649859","15623384"
"649909","16796954"
"649929","15753990"
"649936","16911845"
"649940","16900549"
"649944","16900549"
"649975","16242124"
"649979","16699257"
"649983","15480368"
"649984","15954451"
"649986","16622086"
"649994","11312968"
"650000","16601097"
"650032","11351838"
"650042","16913496"
"650074","15062926"
"650086","16235847"
"650107","16751886"
"650116","15607558"
"650144","16916347"
"650148","16696507"
"650173","15810725"
"650194","16213033"
"650201","16826661"
"650249","16687100"
"650287","16872966"
"650299","16855695"
"650331","16921355"
"650335","16937105"
"650339","16892773"
"650347","16646653"
"650356","16934351"
"650416","16893430"
"650454","16954264"
"650464","16717810"
"650471","15627026"
"650474","16435951"
"650487","16435951"
"650500","16967176"
"650512","10566755"
"650534","16710970"
"650554","16274906"
"650604","16048204"
"650623","16726004"
"650626","16726004"
"650631","16986387"
"650652","16929676"
"650688","16713905"
"650715","17020061"
"650746","17011701"
"650753","16791080"
"650755","17042726"
"650757","17003993"
"650764","16118722"
"650765","16429745"
"650772","16922587"
"650788","10808843"
"650797","10808843"
"650802","10808843"
"650810","10447017"
"650817","16696507"
"650833","17069848"
"650880","17107546"
"650893","17087343"
"650915","16273894"
"650935","17044424"
"650936","17126459"
"650969","17234648"
"650986","17012084"
"651011","17007616"
"651056","17024222"
"651078","17308636"
"651107","17366481"
"651109","16810239"
"651131","16664766"
"651159","10433528"
"651211","17369537"
"651216","17468759"
"651230","10000376"
"651260","15033574"
"651301","16617749"
"651309","15785378"
"651329","16142882"
"651343","16640043"
"651383","15017756"
"651386","16573438"
"651387","15873913"
"651390","15715464"
"651397","10392903"
"651421","16618332"
"651450","15737706"
"651507","15575364"
"651521","16669688"
"651556","11015153"
"651568","16641186"
"651590","11370785"
"651611","15546548"
"651616","16676532"
"651668","16686770"
"651678","16320271"
"651693","16654695"
"651730","15880229"
"651734","15763466"
"651746","16397210"
"651759","16118722"
"651805","15978017"
"651808","16608579"
"651816","16691404"
"651822","15654089"
"651832","16131864"
"651846","16661371"
"651854","16718326"
"651867","16624144"
"651877","16141414"
"651888","16724847"
"651921","16742818"
"651935","16742762"
"652000","16769092"
"652032","10476354"
"652073","16677800"
"652074","16055612"
"652126","16683911"
"652131","16793051"
"652135","16793956"
"652158","16130415"
"652162","16130415"
"652167","16130415"
"652168","16130415"
"652178","16710572"
"652189","16725801"
"652214","16808988"
"652217","15625104"
"652228","16728884"
"652247","16628985"
"652259","16113481"
"652276","16384629"
"652281","16222645"
"652300","16825198"
"652313","16793352"
"652323","16121521"
"652370","16799425"
"652383","16830418"
"652405","16848842"
"652414","16681399"
"652421","15988087"
"652449","16251163"
"652464","16044061"
"652466","16791928"
"652480","16323528"
"652493","16692851"
"652494","16857974"
"652496","16708255"
"652542","16876159"
"652598","16288174"
"652623","16130415"
"652643","16846133"
"652645","15576060"
"652675","16745377"
"652685","10809578"
"652687","16646151"
"652692","16718330"
"652696","16413758"
"652705","16840351"
"652720","16720847"
"652722","16799561"
"652728","16351656"
"652733","16621112"
"652762","16907604"
"652772","16897083"
"652776","15033260"
"652790","16716542"
"652809","16775901"
"652819","16775335"
"652840","16657093"
"652881","16118722"
"652883","16930910"
"652896","16155420"
"652915","16915028"
"652947","16672479"
"652957","16183370"
"652958","16270622"
"652992","16945656"
"653048","16929676"
"653074","16706519"
"653091","16655649"
"653114","16683783"
"653119","17024099"
"653125","15582124"
"653170","17104621"
"653178","17179100"
"653190","16890214"
"653196","17265617"
"653238","17373572"
"653256","10881171"
"653282","17447818"
"653285","17239155"
"653295","15604180"
"653296","10000376"
"653323","10376860"
"653328","10439945"
"653333","10439945"
"653351","15828486"
"653353","15828486"
"653379","15828486"
"653427","17208330"
"653467","15711243"
"653470","16376414"
"653478","17182953"
"653486","17182953"
"653511","15000595"
"653519","15000595"
"653523","15000595"
"653532","10000376"
"653540","10000376"
"653546","10189980"
"653565","10000376"
"653594","15000595"
"653596","15000595"
"653605","15000595"
"653619","15000595"
"653723","10000376"
"653727","15000595"
"653761","15000595"
"653797","10000376"
"653832","15000595"
"653839","15000595"
"653855","15000595"
"653857","15000595"
"653871","15000595"
"653888","15000595"
"653916","10013770"
"653939","10215471"
"653962","10444666"
"653976","10509297"
"653980","10545121"
"653984","10582311"
"653998","10609208"
"654031","10808843"
"654062","11040640"
"654068","11040640"
"654072","11043045"
"654078","11095473"
"654082","11121319"
"654083","11126928"
"654128","11332287"
"654159","15017756"
"654169","15017756"
"654180","15047085"
"654181","15047085"
"654203","15051534"
"654248","15055410"
"654269","15057504"
"654284","15096465"
"654296","15396972"
"654304","15476667"
"654316","15491261"
"654322","15492288"
"654339","15496861"
"654417","15615866"
"654438","15627026"
"654444","15634293"
"654448","15635942"
"654453","15649156"
"654487","15679048"
"654496","15679048"
"654509","15686166"
"654515","15687788"
"654523","15694595"
"654614","15774228"
"654624","15779846"
"654630","15784780"
"654644","15797582"
"654685","15828685"
"654704","15852212"
"654710","15862328"
"654738","15885309"
"654754","15898935"
"654805","15932258"
"654807","15932561"
"654817","15934967"
"654912","15989950"
"654934","16002476"
"654956","16011489"
"655023","16059911"
"655052","16077013"
"655093","16113859"
"655114","16118722"
"655152","16130415"
"655179","16141064"
"655185","16144251"
"655203","16147039"
"655223","16147039"
"655271","16147039"
"655350","16173628"
"655387","16178415"
"655406","16188710"
"655415","16193132"
"655426","16197594"
"655432","16200428"
"655435","16201945"
"655465","16210118"
"655523","16228493"
"655573","16249232"
"655575","16250479"
"655626","16266227"
"655640","16272293"
"655675","16285795"
"655698","16297699"
"655703","16299705"
"655738","16318685"
"655748","16323528"
"655779","16332022"
"655794","16334800"
"655800","16336222"
"655817","16345158"
"655826","16349123"
"655838","16351407"
"655842","16352676"
"655853","16355317"
"655874","16359320"
"655886","16366726"
"655916","16372259"
"655963","16391873"
"656015","16435291"
"656026","16435291"
"656029","16435291"
"656044","16436485"
"656061","16455748"
"656086","16547325"
"656123","16559380"
"656126","16559662"
"656141","16564863"
"656145","16567101"
"656180","16576465"
"656251","16602013"
"656277","16605536"
"656286","16608720"
"656291","16609917"
"656301","16612281"
"656314","16615665"
"656341","16620544"
"656352","16622051"
"656387","16626031"
"656423","16628044"
"656424","16628044"
"656437","16628942"
"656486","16632566"
"656490","16634280"
"656508","16634640"
"656519","16634864"
"656520","16634864"
"656554","16638156"
"656597","16641665"
"656598","16641665"
"656604","16642182"
"656620","16642182"
"656634","16642182"
"656666","16642336"
"656694","16642990"
"656702","16644260"
"656711","16645719"
"656734","16650035"
"656735","16650147"
"656744","16650839"
"656760","16653296"
"656778","16654695"
"656783","16654754"
"656799","16657256"
"656808","16658240"
"656834","16661709"
"656860","16664983"
"656885","16669688"
"656918","16679579"
"656985","16700566"
"656999","16705038"
"657032","16711284"
"657055","16715815"
"657082","16719629"
"657091","16720722"
"657103","16723646"
"657154","16730217"
"657157","16730220"
"657166","16731728"
"657229","16746343"
"657236","16747457"
"657247","16749656"
"657258","16751720"
"657291","16766588"
"657368","16782858"
"657378","16782858"
"657386","16782865"
"657435","16795484"
"657503","16798192"
"657539","16801064"
"657541","16801189"
"657562","16806331"
"657563","16806331"
"657599","16816126"
"657661","16824641"
"657673","16826206"
"657702","16829204"
"657737","16832409"
"657739","16832456"
"657769","16838679"
"657795","16843020"
"657799","16843610"
"657805","16844755"
"657834","16850961"
"657839","16852497"
"657842","16853061"
"657917","16865334"
"657936","16869260"
"658024","16883435"
"658053","16888077"
"658063","16890010"
"658102","16895745"
"658113","16896710"
"658124","16898645"
"658128","16899962"
"658160","16905529"
"658162","16905885"
"658184","16909247"
"658199","16913191"
"658246","16923466"
"658275","16930750"
"658329","16948729"
"658341","16950515"
"658411","16977028"
"658431","16985602"
"658440","16988344"
"658472","16996893"
"658482","17003085"
"658494","17007453"
"658501","17011108"
"658544","17019833"
"658587","17045905"
"658589","17047490"
"658600","17053381"
"658603","17053447"
"658630","17074016"
"658631","17074980"
"658633","17076526"
"658635","17076526"
"658639","17078526"
"658683","17108376"
"658758","17179100"
"658764","17191401"
"658769","17210751"
"658780","17248432"
"658796","17286036"
"658800","17303409"
"658805","17310908"
"658819","17323869"
"658820","17323869"
"658841","17346063"
"658853","17356046"
"658857","17357838"
"658921","17416397"
"658926","17418249"
"658974","17460356"
"658987","16566015"
"658997","16603960"
"659001","16045478"
"659018","15489662"
"659047","16604353"
"659121","16580969"
"659136","16592942"
"659177","16286705"
"659187","16568690"
"659201","15795814"
"659208","11247518"
"659211","10170867"
"659256","16600481"
"659338","15808633"
"659383","16347990"
"659415","15958825"
"659426","16610749"
"659427","16326522"
"659450","16570363"
"659454","16614571"
"659471","16588779"
"659477","16601647"
"659485","16384766"
"659512","16377409"
"659557","15617143"
"659610","16618351"
"659640","16590444"
"659644","10945643"
"659649","16623856"
"659694","16333306"
"659697","16285018"
"659722","16225845"
"659763","11281883"
"659767","10603294"
"659788","16333163"
"659793","10707892"
"659795","15650811"
"659833","15569884"
"659836","15970833"
"659845","16624188"
"659848","15933022"
"659907","16630975"
"659914","16571256"
"659922","16026284"
"659925","16303055"
"659960","11284198"
"659980","16182978"
"659989","11094019"
"659996","16604837"
"660050","16642411"
"660054","16643585"
"660063","16349917"
"660093","15989390"
"660156","16717566"
"660202","16883375"
"660204","16265079"
"660259","17340834"
"660261","17347707"
"660268","17129392"
"660321","15868693"
"660329","16485046"
"660339","11370785"
"660364","10191772"
"660411","16257894"
"660415","15989129"
"660425","16045829"
"660438","16045829"
"660451","16135664"
"660452","16012362"
"660466","15962359"
"660468","15962359"
"660502","15833988"
"660509","16243732"
"660523","15833988"
"660526","15833988"
"660539","15833988"
"660561","16584828"
"660576","15833988"
"660588","15833988"
"660596","15833988"
"660619","15833988"
"660622","15833988"
"660645","15985116"
"660653","16587021"
"660708","16126519"
"660718","16391292"
"660719","16588093"
"660726","15833988"
"660800","15017756"
"660840","16419505"
"660848","15588060"
"660873","16557289"
"660895","16356652"
"660917","15932561"
"660955","15034229"
"661007","16126150"
"661058","15176153"
"661061","16074628"
"661064","15017756"
"661069","16605049"
"661071","16611414"
"661112","16051474"
"661143","16564307"
"661153","16610369"
"661178","16181754"
"661191","16588775"
"661227","16337304"
"661265","16604767"
"661284","16613126"
"661313","15835808"
"661332","16002343"
"661352","16186641"
"661359","16034277"
"661372","16249197"
"661389","16632886"
"661393","15527451"
"661398","11411312"
"661419","15789089"
"661429","16382794"
"661443","16638556"
"661447","16606330"
"661456","16342230"
"661480","16272516"
"661546","16199772"
"661577","15813105"
"661602","16328966"
"661606","16154272"
"661611","16650839"
"661635","16315885"
"661637","16640028"
"661640","15041830"
"661649","11297940"
"661664","15944866"
"661690","16570219"
"661703","16661709"
"661757","16663998"
"661761","16355317"
"661786","16154762"
"661802","15989632"
"661829","16254050"
"661852","16676532"
"661890","11314091"
"661905","15833988"
"661906","15833988"
"661913","16156790"
"661928","16710187"
"661940","16711573"
"661992","16731359"
"662000","16755104"
"662058","15495385"
"662062","16801940"
"662080","15495385"
"662096","16814235"
"662129","16820890"
"662176","15495385"
"662181","16828233"
"662219","16831106"
"662303","16846310"
"662315","16654695"
"662319","16654695"
"662321","16654695"
"662394","15495385"
"662413","16251163"
"662484","16241689"
"662493","15697859"
"662498","16871904"
"662508","16842874"
"662515","16728884"
"662519","16869260"
"662561","16272462"
"662589","16844012"
"662624","16856641"
"662660","15495385"
"662672","15577646"
"662677","16864067"
"662691","16597416"
"662692","16766341"
"662699","10753438"
"662700","16720173"
"662707","16888735"
"662710","16724438"
"662712","16710456"
"662734","16887461"
"662784","16587707"
"662788","16094508"
"662790","16899693"
"662806","16891758"
"662809","16902106"
"662824","15495385"
"662838","16905593"
"662862","16905885"
"662865","16799705"
"662867","16662488"
"662892","15666947"
"662909","16274661"
"662910","16893392"
"662948","16912850"
"662950","16633232"
"662971","16913963"
"662974","16782858"
"662998","16213033"
"663009","16827867"
"663011","16824809"
"663023","16006847"
"663047","16889426"
"663066","16566006"
"663089","15552916"
"663091","16916692"
"663145","16954664"
"663151","16951391"
"663193","16980295"
"663213","16726004"
"663244","16971554"
"663288","17019833"
"663322","16204076"
"663328","17037779"
"663336","16696590"
"663346","15495385"
"663386","15495385"
"663412","17024270"
"663459","17016869"
"663474","17128325"
"663511","17168114"
"663519","17217232"
"663538","17047807"
"663566","16664983"
"663567","16664983"
"663574","15495385"
"663577","17007616"
"663599","17081788"
"663616","17109569"
"663627","16917027"
"663643","17253363"
"663649","17346626"
"663679","16890010"
"663702","17362682"
"663713","17362425"
"663725","16717162"
"663737","16993351"
"663772","17369877"
"663785","16837384"
"663793","16332136"
"663802","11271615"
"663833","10000376"
"663844","10000376"
"663944","16416964"
"663953","16219073"
"663981","15418935"
"663997","16211617"
"664000","16401740"
"664022","16383321"
"664164","16385484"
"664174","16206168"
"664200","16459574"
"664225","16248802"
"664226","15943904"
"664232","16324316"
"664236","10584726"
"664279","16223944"
"664293","15017756"
"664296","15946274"
"664326","16173628"
"664359","16766341"
"664367","16058582"
"664379","16827222"
"664383","16700696"
"664397","16803860"
"664432","16423743"
"664440","16844090"
"664456","16764208"
"664566","16170808"
"664575","16703463"
"664578","16908458"
"664622","16993351"
"664645","16979168"
"664751","10002085"
"664756","10024624"
"664765","10069390"
"664781","10167776"
"664820","10419663"
"664828","10476465"
"664905","10838848"
"664907","10850742"
"664913","10872010"
"664918","10890412"
"664920","10907398"
"664945","11029975"
"664950","11036653"
"664953","11039447"
"664963","11066771"
"664981","11115380"
"664993","11161921"
"665033","11271887"
"665034","11273181"
"665049","11312214"
"665068","11347740"
"665077","11363913"
"665115","15041544"
"665125","15048838"
"665147","15075979"
"665148","15078543"
"665149","15080501"
"665152","15084205"
"665161","15175609"
"665185","15476667"
"665208","15501839"
"665230","15535602"
"665248","15570632"
"665289","15607566"
"665302","15613433"
"665303","15613755"
"665304","15613755"
"665341","15636868"
"665386","15682749"
"665393","15687869"
"665451","15748752"
"665478","15764866"
"665517","15792364"
"665541","15811983"
"665568","15835071"
"665574","15840031"
"665630","15876098"
"665645","15890567"
"665733","15946309"
"665737","15950595"
"665739","15953529"
"665740","15954111"
"665776","15971571"
"665843","15995876"
"665876","16008513"
"665891","16012650"
"665909","16022888"
"665911","16022985"
"665919","16026588"
"665944","16048666"
"665964","16059988"
"666000","16076210"
"666017","16086722"
"666027","16093144"
"666056","16102765"
"666065","16102765"
"666077","16107064"
"666106","16117147"
"666116","16121025"
"666119","16122206"
"666150","16131073"
"666184","16139654"
"666185","16139799"
"666221","16151073"
"666249","16157421"
"666269","16167471"
"666276","16169622"
"666302","16179550"
"666308","16182536"
"666316","16184386"
"666326","16188105"
"666341","16192446"
"666408","16208557"
"666425","16212713"
"666431","16214645"
"666456","16222527"
"666479","16228333"
"666486","16229664"
"666496","16230868"
"666530","16239582"
"666599","16251959"
"666633","16258002"
"666692","16266185"
"666709","16268942"
"666722","16271051"
"666738","16274064"
"666769","16281061"
"666787","16284558"
"666812","16291006"
"666817","16292301"
"666827","16295847"
"666863","16302235"
"666889","16307169"
"666891","16307666"
"666934","16313046"
"666964","16317228"
"666967","16317619"
"666981","16319030"
"667006","16322494"
"667056","16328128"
"667057","16328264"
"667063","16328966"
"667108","16333836"
"667114","16334822"
"667142","16339275"
"667153","16340413"
"667154","16340785"
"667170","16343246"
"667196","16344716"
"667214","16347522"
"667229","16348917"
"667300","16356315"
"667333","16360901"
"667335","16360939"
"667350","16362502"
"667397","16367662"
"667416","16371100"
"667422","16371384"
"667423","16371397"
"667455","16375028"
"667482","16377409"
"667483","16377486"
"667530","16381874"
"667536","16382451"
"667561","16383321"
"667571","16384042"
"667600","16385892"
"667631","16387383"
"667635","16387444"
"667665","16388679"
"667685","16390322"
"667705","16392100"
"667713","16393183"
"667718","16393322"
"667726","16394375"
"667736","16394882"
"667744","16395405"
"667825","16405659"
"667838","16407815"
"667851","16409147"
"667862","16410349"
"667896","16417741"
"667909","16421861"
"667918","16425378"
"667923","16426816"
"667949","16436650"
"668001","16471434"
"668006","16474941"
"668013","16480324"
"668027","16504180"
"668048","16545802"
"668058","16547566"
"668062","16548345"
"668090","16556883"
"668097","16558091"
"668111","16562615"
"668149","16568541"
"668192","16576253"
"668198","16578647"
"668247","16616622"
"668248","16617280"
"668279","16628455"
"668282","16628994"
"668288","16629856"
"668296","16635572"
"668314","16649412"
"668333","16662094"
"668358","16677094"
"668361","16679252"
"668373","16686808"
"668381","16689262"
"668427","16710671"
"668433","16711605"
"668444","16718176"
"668457","16721896"
"668524","16749532"
"668527","16749860"
"668528","16749860"
"668607","16782858"
"668689","16814219"
"668707","16820620"
"668745","16831234"
"668757","16833355"
"668776","16840696"
"668784","16841336"
"668801","16844090"
"668819","16849131"
"668892","16877656"
"668951","16886885"
"668984","16892083"
"668995","16893392"
"669000","16895166"
"669008","16897058"
"669010","16898387"
"669022","16902097"
"669053","16909562"
"669063","16912178"
"669077","16919083"
"669103","16945312"
"669105","16946667"
"669242","17035119"
"669247","17036940"
"669255","17041998"
"669289","17065083"
"669315","17081788"
"669325","17090297"
"669335","17096848"
"669344","17102820"
"669374","17132161"
"669377","17132999"
"669380","17136832"
"669403","17153155"
"669450","17312596"
"669465","17335163"
"669470","17336927"
"669500","17360523"
"669528","17380098"
"669535","17393497"
"669548","17419428"
"669550","17421846"
"669571","17456525"
"669597","16257747"
"669652","16324150"
"669674","16230638"
"669678","15936158"
"669684","16307240"
"669695","15934978"
"669698","16329839"
"669703","16137271"
"669707","16137271"
"669708","15838352"
"669726","10627636"
"669728","15661787"
"669746","16309708"
"669763","16137853"
"669793","16125175"
"669831","16214824"
"669853","16181046"
"669858","16314350"
"669869","15312557"
"669872","16211617"
"669873","16211617"
"669880","15393753"
"669952","16216361"
"669998","16285755"
"670045","16015359"
"670049","16315943"
"670066","15826020"
"670067","16152453"
"670073","16333674"
"670125","15927905"
"670127","16332220"
"670129","16333990"
"670142","15578554"
"670171","16268125"
"670178","15859695"
"670217","16335349"
"670248","16335126"
"670265","15922724"
"670272","16106499"
"670291","15827292"
"670328","16067089"
"670343","16179502"
"670357","16335098"
"670364","16303007"
"670487","15676284"
"670514","16011337"
"670538","16342626"
"670591","16332545"
"670636","16217912"
"670654","16075339"
"670677","15660857"
"670705","16180838"
"670740","16070006"
"670743","16302584"
"670749","16201183"
"670750","16351972"
"670756","16054352"
"670785","16353534"
"670792","16353037"
"670824","16102765"
"670851","16350812"
"670897","15814336"
"670960","16144008"
"670985","16314351"
"670992","15739023"
"671026","16306344"
"671038","16257393"
"671075","16102765"
"671104","16368851"
"671136","15180057"
"671146","15056352"
"671160","15180057"
"671168","16371839"
"671173","15963250"
"671204","16378419"
"671216","15979305"
"671227","16378228"
"671260","16246923"
"671268","16381747"
"671284","16335176"
"671290","16388355"
"671298","15054116"
"671316","16391873"
"671317","15967071"
"671335","16224760"
"671350","16012101"
"671351","16277711"
"671359","10396406"
"671363","16398237"
"671381","16202702"
"671386","16079849"
"671399","16061328"
"671407","16186336"
"671409","16186336"
"671459","10222800"
"671477","16319003"
"671496","15623921"
"671501","16372525"
"671503","16012297"
"671508","16323061"
"671546","16442176"
"671553","16290473"
"671568","16350600"
"671608","15905364"
"671622","16782858"
"671657","16855916"
"671685","16122003"
"671697","16710456"
"671800","16990566"
"671826","17335955"
"671855","16275413"
"671874","16175343"
"671876","15000595"
"671878","15000595"
"671916","15112932"
"671990","16183632"
"672042","16226848"
"672046","16014186"
"672062","10912327"
"672069","11157305"
"672133","16228262"
"672136","10576778"
"672158","15063502"
"672200","16233114"
"672203","16211617"
"672211","16229147"
"672267","16219002"
"672305","10003466"
"672307","10055997"
"672321","10688009"
"672325","10688009"
"672332","10698118"
"672365","15569967"
"672379","15577258"
"672391","15613260"
"672407","15723412"
"672448","15964853"
"672459","15969176"
"672470","16006939"
"672478","16016068"
"672488","16039525"
"672511","16067940"
"672543","16086789"
"672569","16133239"
"672628","16223205"
"672672","16244926"
"672697","16331628"
"672699","16336905"
"672705","16597492"
"672716","16779835"
"672769","16004046"
"672776","15662664"
"672794","15642008"
"672795","15641918"
"672811","16001502"
"672820","10323012"
"672828","11020013"
"672834","11289882"
"672884","10969016"
"672889","15055469"
"672909","15663761"
"672959","15958915"
"673005","15958915"
"673039","15958915"
"673091","11132068"
"673142","15899179"
"673153","15958915"
"673165","15958915"
"673167","15904159"
"673241","15958915"
"673267","15958915"
"673339","15958915"
"673349","15958915"
"673359","15958915"
"673376","15958915"
"673411","16197443"
"673424","16197377"
"673467","16198412"
"673577","15515488"
"673585","15761980"
"673596","11400011"
"673598","10783716"
"673616","16072804"
"673660","15958915"
"673728","15958915"
"673781","15958915"
"673784","15958915"
"673813","16201022"
"673827","15957720"
"673846","15958915"
"673863","15002559"
"673872","15699560"
"673883","15797848"
"673960","16233076"
"673998","11289803"
"674069","16157397"
"674085","16159351"
"674086","15475255"
"674111","16102765"
"674121","15951822"
"674144","15475255"
"674156","15475255"
"674190","15850831"
"674211","10921652"
"674215","16175748"
"674235","11217523"
"674286","15058562"
"674292","16083511"
"674304","15654089"
"674335","16043230"
"674337","15475255"
"674346","16082273"
"674363","15640338"
"674434","16011765"
"674442","15810930"
"674455","16050723"
"674462","16051110"
"674508","16157788"
